date,title,rating_or_passnum,pass_rate,tags
"July 1, 2025",Blackboard Game,513.0,99.78,['math']
"July 1, 2025",Tournament,768.0,99.06,['greedy']
"July 1, 2025",Prefix Min and Suffix Max,905.0,97.95,"['brute force', 'data structures']"
"July 1, 2025",Binary String Battle,1259.0,86.18,"['constructive algorithms', 'games', 'greedy']"
"July 1, 2025",MEX Count,1470.0,64.93,"['binary search', 'data structures', 'greedy', 'sortings', 'two pointers']"
"July 1, 2025",Minimize Fixed Points,1702.0,32.75,"['constructive algorithms', 'number theory']"
"July 1, 2025",Modular Sorting,2203.0,2.65,"['brute force', 'data structures', 'greedy', 'math', 'number theory']"
"June 23, 2025",Race,499.0,99.8,"['implementation', 'math']"
"June 23, 2025",Shrinking Array,1092.0,94.22,"['brute force', 'greedy']"
"June 23, 2025",Coloring Game,1244.0,87.18,"['binary search', 'brute force', 'greedy', 'two pointers']"
"June 23, 2025",Reachability and Tree,1701.0,32.88,"['constructive algorithms', 'dfs and similar', 'graphs', 'trees']"
"June 23, 2025",Tree Colorings,2145.0,3.66,"['combinatorics', 'dfs and similar', 'dp', 'graphs', 'math']"
"June 23, 2025",Variables and Operations,2764.0,0.11,"['graphs', 'greedy', 'shortest paths']"
"June 21, 2025",Square of Rectangles,763.0,99.09,"['geometry', 'math']"
"June 21, 2025",Square Pool,910.0,97.89,['geometry']
"June 21, 2025",Divine Tree,1345.0,79.17,"['constructive algorithms', 'greedy', 'math', 'sortings', 'trees']"
"June 21, 2025",Matrix game,1751.0,26.86,"['combinatorics', 'math']"
"June 21, 2025",Lanes of Cars,2192.0,2.82,"['binary search', 'dp', 'ternary search']"
"June 21, 2025",Superb Graphs,2661.0,0.19,"['2-sat', 'graphs']"
"June 21, 2025",Eulerian Line Graph,3455.0,0.0,"['graphs', 'greedy', 'math']"
"June 17, 2025",Letter Home,389.0,99.89,"['brute force', 'math']"
"June 17, 2025",Above the Clouds,666.0,99.47,"['constructive algorithms', 'greedy', 'strings']"
"June 17, 2025",Those Who Are With Us,1217.0,88.82,"['greedy', 'implementation']"
"June 17, 2025",1709,1318.0,81.62,"['implementation', 'sortings']"
"June 17, 2025",Sponsor of Your Problems,1481.0,63.47,"['dp', 'greedy', 'implementation', 'strings']"
"June 17, 2025",Yamakasi,1820.0,19.8,"['binary search', 'brute force', 'data structures', 'greedy', 'two pointers']"
"June 17, 2025",Gangsta,1868.0,15.77,"['data structures', 'divide and conquer', 'math', 'sortings']"
"June 17, 2025",Ice Baby,2348.0,1.17,"['binary search', 'brute force', 'data structures', 'dp', 'implementation']"
"June 15, 2025",Shashliks,615.0,99.61,"['greedy', 'math']"
"June 15, 2025",Good Start,1174.0,91.05,"['constructive algorithms', 'math']"
"June 15, 2025",Smilo and Minecraft,1600.0,46.69,"['brute force', 'constructive algorithms', 'data structures', 'dp', 'greedy']"
"June 15, 2025",Cheater,2189.0,2.87,"['binary search', 'constructive algorithms', 'data structures', 'greedy']"
"June 15, 2025",Two Arrays,2578.0,0.31,"['constructive algorithms', 'dfs and similar', 'graphs', 'math']"
"June 15, 2025",From Kazan with Love,2961.0,0.03,"['dfs and similar', 'graphs', 'implementation', 'trees']"
"June 12, 2025",Equal Subsequences,526.0,99.76,"['constructive algorithms', 'greedy']"
"June 12, 2025",Make It Permutation,1199.0,89.81,['constructive algorithms']
"June 12, 2025",Make It Beautiful,1236.0,87.69,"['bitmasks', 'data structures', 'greedy', 'math']"
"June 12, 2025","Red Light, Green Light (Easy version)",1726.0,29.78,"['brute force', 'dfs and similar', 'dp', 'graphs', 'implementation']"
"June 12, 2025","Red Light, Green Light (Hard version)",2250.0,2.04,"['binary search', 'brute force', 'data structures', 'dfs and similar', 'dp']"
"June 12, 2025",Grid Coloring,2334.0,1.26,"['constructive algorithms', 'greedy']"
"June 12, 2025",Shifts and Swaps,3166.0,0.01,"['data structures', 'graphs', 'hashing', 'trees']"
"June 8, 2025",False Alarm,462.0,99.84,"['greedy', 'implementation']"
"June 8, 2025",Shrink,659.0,99.5,['constructive algorithms']
"June 8, 2025",Retaliation,1167.0,91.37,"['binary search', 'math', 'number theory']"
"June 8, 2025",Cool Partition,1240.0,87.43,"['data structures', 'greedy']"
"June 8, 2025",Lost Soul,1606.0,45.84,"['brute force', 'greedy']"
"June 8, 2025",Wildflower,1935.0,11.3,"['combinatorics', 'dfs and similar', 'trees']"
"June 8, 2025",Omg Graph,2038.0,6.58,"['brute force', 'dsu', 'graphs', 'greedy', 'shortest paths']"
"June 8, 2025",Incessant Rain,2691.0,0.16,"['data structures', 'divide and conquer', 'sortings']"
"June 3, 2025",Energy Crystals,705.0,99.34,"['greedy', 'implementation', 'math']"
"June 3, 2025",Equal Values,1053.0,95.33,"['brute force', 'greedy', 'two pointers']"
"June 3, 2025",Fibonacci Cubes,1064.0,95.04,"['brute force', 'dp', 'implementation', 'math']"
"June 3, 2025",Creating a Schedule,1400.0,73.48,"['constructive algorithms', 'data structures', 'greedy', 'implementation', 'sortings']"
"June 3, 2025",Changing the String,1943.0,10.84,"['binary search', 'data structures', 'greedy', 'implementation', 'sortings']"
"June 3, 2025",Puzzle,2413.0,0.81,"['brute force', 'constructive algorithms', 'greedy', 'math']"
"June 3, 2025",Divisible Subarrays,3014.0,0.03,"['binary search', 'bitmasks', 'brute force', 'data structures', 'interactive']"
"May 31, 2025",Gellyfish and Tricolor Pansy,713.0,99.31,"['games', 'greedy']"
"May 31, 2025",Gellyfish and Baby's Breath,1234.0,87.81,"['greedy', 'math', 'sortings']"
"May 31, 2025",Gellyfish and Flaming Peony,1453.0,67.12,"['brute force', 'constructive algorithms', 'dfs and similar', 'dp', 'math']"
"May 31, 2025",Gellyfish and Camellia Japonica,2161.0,3.35,"['brute force', 'constructive algorithms', 'dfs and similar', 'dp', 'graphs']"
"May 31, 2025",Gellyfish and Eternal Violet,2764.0,0.11,"['combinatorics', 'dp', 'greedy', 'math', 'probabilities']"
"May 31, 2025",Gellyfish and Forget-Me-Not,2898.0,0.05,"['bitmasks', 'dp', 'games', 'greedy', 'math']"
"May 31, 2025",Gellyfish and Mayflower,3584.0,0.0,"['dp', 'graphs']"
"May 31, 2025",Gellyfish and Lycoris Radiata (Easy Version),4599.0,0.0,['data structures']
"May 31, 2025",Gellyfish and Lycoris Radiata (Hard Version),4599.0,0.0,['data structures']
"May 26, 2025",Square Year,543.0,99.74,"['binary search', 'brute force', 'math']"
"May 26, 2025",Not Quite a Palindromic String,889.0,98.13,"['greedy', 'math']"
"May 26, 2025",Need More Arrays,899.0,98.02,"['dp', 'greedy']"
"May 26, 2025",Come a Little Closer,1416.0,71.64,"['brute force', 'greedy', 'implementation', 'math']"
"May 26, 2025",Kirei Attacks the Estate,1473.0,64.54,"['dfs and similar', 'dp', 'greedy', 'trees']"
"May 26, 2025",Small Operations,2040.0,6.51,"['binary search', 'brute force', 'dfs and similar', 'dp', 'math']"
"May 26, 2025",Build an Array,2404.0,0.85,"['brute force', 'constructive algorithms', 'dp', 'greedy', 'math']"
"May 24, 2025",Fashionable Array,507.0,99.79,"['implementation', 'sortings']"
"May 24, 2025",Down with Brackets,795.0,98.9,['strings']
"May 24, 2025",Racing,1327.0,80.83,"['constructive algorithms', 'greedy']"
"May 24, 2025",Fewer Batteries,1720.0,30.51,"['binary search', 'dfs and similar', 'dp', 'graphs', 'greedy']"
"May 24, 2025",Melody,2241.0,2.14,"['dfs and similar', 'graphs', 'implementation']"
"May 24, 2025",Faculty,2532.0,0.41,"['brute force', 'greedy', 'math', 'number theory']"
"May 17, 2025",It's Time To Duel,560.0,99.71,['implementation']
"May 17, 2025",Slice to Survive,1167.0,91.37,"['bitmasks', 'greedy', 'math']"
"May 17, 2025",Hacking Numbers (Easy Version),1489.0,62.4,"['bitmasks', 'constructive algorithms', 'interactive', 'math', 'number theory']"
"May 17, 2025",Hacking Numbers (Medium Version),1723.0,30.14,"['constructive algorithms', 'interactive', 'math', 'number theory']"
"May 17, 2025",D/D/D,1951.0,10.41,"['dfs and similar', 'graphs', 'greedy', 'shortest paths']"
"May 17, 2025",Binary String Wowee,2428.0,0.74,"['combinatorics', 'dp', 'strings']"
"May 17, 2025",Hacking Numbers (Hard Version),2511.0,0.46,"['constructive algorithms', 'interactive', 'math', 'number theory']"
"May 17, 2025",Penguin Steps,3210.0,0.01,"['binary search', 'dfs and similar', 'flows', 'graphs', 'shortest paths']"
"May 11, 2025",Dinner Time,793.0,98.92,"['constructive algorithms', 'math']"
"May 11, 2025",The Picky Cat,821.0,98.73,"['implementation', 'sortings']"
"May 11, 2025",Mex in the Grid,1290.0,83.92,"['constructive algorithms', 'implementation']"
"May 11, 2025",Quartet Swapping,1780.0,23.71,"['brute force', 'data structures', 'divide and conquer', 'greedy', 'sortings']"
"May 11, 2025",23 Kingdom,2278.0,1.74,"['binary search', 'brute force', 'data structures', 'greedy', 'ternary search']"
"May 11, 2025",Mani and Segments,2590.0,0.29,"['data structures', 'greedy', 'implementation', 'sortings', 'two pointers']"
"May 11, 2025",Kia Bakes a Cake,3154.0,0.01,"['data structures', 'dp', 'greedy', 'trees']"
"May 11, 2025",Shoo Shatters the Sunshine,3552.0,0.0,"['combinatorics', 'dp', 'trees']"
"May 5, 2025",LRC and VIP,747.0,99.17,"['greedy', 'number theory']"
"May 5, 2025",Apples in Boxes,1082.0,94.53,"['games', 'greedy', 'math']"
"May 5, 2025",Maximum Subarray Sum,1538.0,55.59,"['binary search', 'constructive algorithms', 'dp', 'implementation', 'math']"
"May 5, 2025",Apple Tree Traversing,2092.0,4.91,"['brute force', 'dfs and similar', 'greedy', 'implementation', 'trees']"
"May 5, 2025",Cycling (Easy Version),2315.0,1.41,"['binary search', 'brute force', 'dp', 'greedy']"
"May 5, 2025",Ain and Apple Tree,2672.0,0.18,"['binary search', 'constructive algorithms', 'greedy', 'math', 'trees']"
"May 5, 2025",Cycling (Hard Version),2862.0,0.06,"['binary search', 'brute force', 'data structures', 'dp', 'greedy']"
"May 1, 2025",Permutation Warm-Up,462.0,99.84,"['combinatorics', 'greedy', 'math']"
"May 1, 2025",SUMdamental Decomposition,1291.0,83.84,"['bitmasks', 'constructive algorithms', 'greedy', 'implementation', 'math']"
"May 1, 2025",Neo's Escape,1405.0,72.91,"['binary search', 'brute force', 'data structures', 'dp', 'dsu']"
"May 1, 2025",Needle in a Numstack,2206.0,2.61,"['binary search', 'brute force', 'implementation', 'interactive']"
"May 1, 2025",Spruce Dispute,2712.0,0.15,"['constructive algorithms', 'dfs and similar', 'graphs', 'greedy', 'implementation']"
"May 1, 2025",Fallen Towers,3097.0,0.02,"['binary search', 'greedy']"
"April 28, 2025",Three Decks,475.0,99.82,['math']
"April 28, 2025",Move to the End,893.0,98.09,"['brute force', 'data structures', 'dp', 'greedy', 'implementation']"
"April 28, 2025",Card Game,1053.0,95.33,"['brute force', 'constructive algorithms', 'games', 'greedy', 'math']"
"April 28, 2025",Array and GCD,1401.0,73.36,"['binary search', 'greedy', 'math', 'number theory']"
"April 28, 2025",Unpleasant Strings,1691.0,34.16,"['binary search', 'dp', 'greedy', 'strings']"
"April 28, 2025",Numbers and Strings,2596.0,0.28,"['binary search', 'brute force', 'dfs and similar', 'dp', 'implementation']"
"April 28, 2025",Modulo 3,2742.0,0.12,"['data structures', 'divide and conquer', 'dsu', 'graphs', 'trees']"
"April 26, 2025",Vadim's Collection,414.0,99.88,"['brute force', 'greedy']"
"April 26, 2025",Sasha and the Apartment Purchase,1312.0,82.13,"['math', 'sortings']"
"April 26, 2025",Sports Betting,1368.0,76.91,"['2-sat', 'brute force', 'greedy', 'math', 'sortings']"
"April 26, 2025",Baggage Claim,2198.0,2.73,"['combinatorics', 'dfs and similar', 'dp', 'dsu', 'graphs']"
"April 26, 2025",Bermuda Triangle,2388.0,0.93,"['chinese remainder theorem', 'geometry', 'implementation', 'math', 'number theory']"
"April 26, 2025",Homework,2707.0,0.15,"['bitmasks', 'math', 'matrices']"
"April 26, 2025",Clearing the Snowdrift,3071.0,0.02,"['data structures', 'dfs and similar', 'dp', 'greedy']"
"April 26, 2025",Lost Luggage,3458.0,0.0,"['dp', 'flows']"
"April 24, 2025",Dr. TC,409.0,99.88,"['brute force', 'math']"
"April 24, 2025",St. Chroma,761.0,99.1,"['constructive algorithms', 'greedy', 'math']"
"April 24, 2025",Cherry Bomb,944.0,97.45,"['greedy', 'math', 'sortings']"
"April 24, 2025",Flower Boy,1481.0,63.47,"['binary search', 'dp', 'greedy', 'two pointers']"
"April 24, 2025",Wolf,1775.0,24.24,"['binary search', 'greedy', 'math']"
"April 24, 2025",Goblin,1944.0,10.79,"['dfs and similar', 'dp', 'dsu', 'greedy', 'math']"
"April 24, 2025",Baudelaire (easy version),2228.0,2.3,"['binary search', 'constructive algorithms', 'divide and conquer', 'greedy', 'interactive']"
"April 24, 2025",Baudelaire (hard version),2655.0,0.2,"['binary search', 'dfs and similar', 'divide and conquer', 'implementation', 'interactive']"
"April 21, 2025",Common Multiple,471.0,99.83,"['brute force', 'greedy', 'implementation', 'math']"
"April 21, 2025",Binary Typewriter,1088.0,94.35,"['greedy', 'math']"
"April 21, 2025",Median Splits,1549.0,54.02,"['binary search', 'greedy', 'implementation', 'sortings']"
"April 21, 2025",Local Construction,1951.0,10.41,"['constructive algorithms', 'dfs and similar', 'implementation', 'two pointers']"
"April 21, 2025",Maximize Nor,2591.0,0.29,"['bitmasks', 'data structures', 'dp', 'implementation']"
"April 21, 2025",Keep the Sum,2802.0,0.09,"['constructive algorithms', 'implementation', 'two pointers']"
"April 21, 2025",Single-proposal Voting Contract,,,['*special']
"April 21, 2025",Master Contract for Multiple Voting Proposals,,,['*special']
"April 21, 2025",Scalable single-proposal Voting Contract,,,['*special']
"April 21, 2025",Master Contract for Multioting Proposals + Refunds,,,['*special']
"April 21, 2025",Scalable Voting ContractRefunds & gas management,,,['*special']
"April 19, 2025",Wonderful Sticks,671.0,99.46,"['constructive algorithms', 'greedy']"
"April 19, 2025",Wonderful Gloves,1020.0,96.11,"['greedy', 'math', 'sortings']"
"April 19, 2025",Wonderful City,1683.0,35.2,"['dp', 'implementation']"
"April 19, 2025",Wonderful Lightbulbs,1885.0,14.52,"['combinatorics', 'constructive algorithms', 'math']"
"April 19, 2025",Wonderful Teddy Bears,2314.0,1.42,"['greedy', 'implementation', 'sortings']"
"April 19, 2025",Wonderful Guessing Game,3136.0,0.01,"['bitmasks', 'constructive algorithms', 'interactive']"
"April 19, 2025",Wonderful Impostors,3180.0,0.01,"['data structures', 'implementation', 'two pointers']"
"April 19, 2025",Wonderful XOR Problem,3228.0,0.01,"['bitmasks', 'combinatorics', 'dp', 'fft', 'math']"
"April 13, 2025",Trippi Troppi,373.0,99.9,['strings']
"April 13, 2025",Bobritto Bandito,819.0,98.74,"['brute force', 'constructive algorithms']"
"April 13, 2025",Brr Brrr Patapim,867.0,98.35,['math']
"April 13, 2025",Tung Tung Sahur,1138.0,92.6,"['greedy', 'strings', 'two pointers']"
"April 13, 2025",Boneca Ambalabu,1271.0,85.34,['bitmasks']
"April 13, 2025",Trulimero Trulicina,1609.0,45.41,['constructive algorithms']
"April 13, 2025",Chimpanzini Bananini,1773.0,24.45,"['data structures', 'implementation', 'math']"
"April 13, 2025",La Vaca Saturno Saturnita,2068.0,5.59,"['binary search', 'brute force', 'math', 'number theory']"
"April 8, 2025",Ideal Generator,263.0,99.95,['math']
"April 8, 2025",Expensive Number,816.0,98.76,"['greedy', 'math']"
"April 8, 2025",Simple Repetition,889.0,98.13,"['math', 'number theory']"
"April 8, 2025",Skibidi Table,1416.0,71.64,"['bitmasks', 'implementation']"
"April 8, 2025",Min Max MEX,1547.0,54.31,"['binary search', 'brute force', 'greedy']"
"April 8, 2025",Hackers and Neural Networks,1775.0,24.24,"['bitmasks', 'brute force', 'greedy']"
"April 8, 2025",Shorten the Array,2129.0,4.0,"['binary search', 'bitmasks', 'data structures', 'dfs and similar', 'greedy']"
"April 7, 2025",Password Generator,,,['*special']
"April 7, 2025",Showmatch,,,['*special']
"April 7, 2025",Coin Game,,,"['*special', 'greedy']"
"April 7, 2025",Uppercase or Lowercase?,,,"['*special', 'interactive']"
"April 7, 2025",Color the Arrows,,,"['*special', 'dp']"
"April 7, 2025",Weapon Upgrade,,,"['*special', 'dp']"
"April 7, 2025",Esports in Berland,,,"['*special', 'greedy']"
"April 7, 2025",Nim with Special Numbers,,,['*special']
"April 7, 2025",Hamiltonian Partition,,,['*special']
"April 5, 2025",Max and Mod,640.0,99.55,"['constructive algorithms', 'math']"
"April 5, 2025",MIN = GCD,968.0,97.08,"['greedy', 'math', 'number theory']"
"April 5, 2025",You Soared Afar With Grace,1331.0,80.47,"['constructive algorithms', 'data structures', 'greedy', 'implementation']"
"April 5, 2025",Arcology On Permafrost,1543.0,54.88,"['binary search', 'brute force', 'constructive algorithms', 'greedy', 'math']"
"April 5, 2025",Blossom,2373.0,1.01,"['binary search', 'combinatorics', 'implementation', 'math', 'two pointers']"
"April 5, 2025",Wish Upon a Satellite (Easy Version),2690.0,0.16,"['dp', 'games']"
"April 5, 2025",Skyscape,2924.0,0.04,"['constructive algorithms', 'data structures', 'greedy']"
"April 5, 2025",Wish Upon a Satellite (Hard Version),3714.0,0.0,"['data structures', 'dp']"
"April 5, 2025",Turtle and Nediam 2,3761.0,0.0,"['dp', 'greedy']"
"April 3, 2025",Cloudberry Jam,0.0,99.99,['math']
"April 3, 2025",Large Array and Segments,1017.0,96.17,"['binary search', 'brute force', 'greedy']"
"April 3, 2025",Disappearing Permutation,1217.0,88.82,"['dfs and similar', 'dp', 'dsu', 'graphs', 'greedy']"
"April 3, 2025",Even String,1687.0,34.68,"['brute force', 'combinatorics', 'dp', 'math', 'strings']"
"April 3, 2025",Zebra-like Numbers,2412.0,0.81,"['bitmasks', 'brute force', 'constructive algorithms', 'dfs and similar', 'dp']"
"April 3, 2025",Online Palindrome,3395.0,0.0,"['brute force', 'constructive algorithms', 'interactive']"
"April 1, 2025",Piecing It Together,,,"['*special', 'string suffix structures']"
"April 1, 2025",Plinko,,,"['*special', 'games', 'interactive']"
"April 1, 2025",Would It Be Unrated?,,,"['*special', 'binary search', 'brute force']"
"April 1, 2025",Where Am I?,,,"['*special', 'geometry']"
"April 1, 2025",Pair Count,,,"['*special', 'number theory']"
"April 1, 2025",⅓ оf а Рrоblеm,,,"['*special', 'math']"
"April 1, 2025",Definitely a Geometry Problem,,,"['*special', 'geometry']"
"April 1, 2025",Blurry Vision,,,"['*special', 'fft', 'math']"
"April 1, 2025",Mysterious Script,,,"['*special', 'expression parsing', 'number theory']"
"April 1, 2025",Premiere at a Wrong Time,,,['*special']
"March 31, 2025",Easy Problem,,,"['*special', 'math']"
"March 31, 2025","Having Been a Treasurer it, I Help Goblins Deceive",,,"['*special', 'combinatorics', 'constructive algorithms', 'strings']"
"March 31, 2025",Farmer John's Card Game,,,['*special']
"March 31, 2025",Counting Pairs,,,['*special']
"March 31, 2025",Doggo Recoloring,,,"['*special', 'implementation']"
"March 31, 2025",Kachina's Favorite Binary String,,,"['*special', 'interactive']"
"March 31, 2025",Ardent Flames,,,"['*special', 'binary search']"
"March 29, 2025",Kamilka and the Sheep,460.0,99.84,"['greedy', 'math', 'number theory', 'sortings']"
"March 29, 2025",Lady Bug,867.0,98.35,"['brute force', 'constructive algorithms', 'implementation', 'math']"
"March 29, 2025",Asuna and the Mosquitoes,1105.0,93.8,"['constructive algorithms', 'greedy', 'math']"
"March 29, 2025",Mishkin Energizer,1813.0,20.45,"['brute force', 'constructive algorithms', 'greedy', 'implementation', 'strings']"
"March 29, 2025",She knows...,2077.0,5.32,"['combinatorics', 'constructive algorithms', 'graphs', 'math', 'number theory']"
"March 29, 2025",Andryusha and CCB,2956.0,0.04,"['brute force', 'constructive algorithms', 'greedy', 'math', 'number theory']"
"March 25, 2025",Olympiad Date,418.0,99.87,"['greedy', 'strings']"
"March 25, 2025",Team Training,659.0,99.5,"['dp', 'greedy', 'sortings']"
"March 25, 2025",Combination Lock,866.0,98.36,"['constructive algorithms', 'greedy']"
"March 25, 2025",Place of the Olympiad,1115.0,93.46,"['binary search', 'greedy', 'math']"
"March 25, 2025",Interesting Ratio,1243.0,87.24,"['brute force', 'math', 'number theory', 'two pointers']"
"March 25, 2025",Igor and Mountain,1827.0,19.17,"['binary search', 'brute force', 'dp']"
"March 25, 2025",Gleb and Boating,2455.0,0.63,"['brute force', 'constructive algorithms', 'data structures', 'dp', 'graphs']"
"March 23, 2025",Treasure Hunt,408.0,99.88,"['implementation', 'math']"
"March 23, 2025",Pushing Balls,843.0,98.56,"['brute force', 'dp', 'implementation']"
"March 23, 2025",Dining Hall,1604.0,46.12,"['data structures', 'greedy', 'implementation', 'sortings']"
"March 23, 2025",Simple Permutation,1703.0,32.62,"['constructive algorithms', 'number theory']"
"March 23, 2025",Canteen (Easy Version),2059.0,5.87,"['binary search', 'data structures', 'flows', 'greedy', 'math']"
"March 23, 2025",Key of Like (Easy Version),2256.0,1.97,"['combinatorics', 'dp', 'games', 'math', 'probabilities']"
"March 23, 2025",Canteen (Hard Version),2360.0,1.09,"['binary search', 'data structures', 'dp', 'flows', 'greedy']"
"March 23, 2025",Key of Like (Hard Version),3148.0,0.01,"['dp', 'math', 'probabilities']"
"March 23, 2025",Conditional Operators,3404.0,0.0,['constructive algorithms']
"March 23, 2025",Black Cat Collapse,3835.0,0.0,[]
"March 22, 2025",Serval and String Theory,691.0,99.39,"['constructive algorithms', 'implementation']"
"March 22, 2025",Serval and Final MEX,1098.0,94.03,"['constructive algorithms', 'implementation']"
"March 22, 2025",Serval and The Formula,1510.0,59.52,"['bitmasks', 'constructive algorithms', 'dp', 'greedy']"
"March 22, 2025",Serval and Kaitenzushi Buffet,2004.0,7.89,"['data structures', 'graph matchings', 'greedy']"
"March 22, 2025",Serval and Modulo,2132.0,3.94,"['constructive algorithms', 'math', 'number theory']"
"March 22, 2025",Serval and Colorful Array (Easy Version),2617.0,0.25,"['data structures', 'greedy']"
"March 22, 2025",Serval and Colorful Array (Hard Version),2916.0,0.04,"['data structures', 'greedy']"
"March 17, 2025",To Zero,455.0,99.84,"['greedy', 'math']"
"March 17, 2025",Array Recoloring,1292.0,83.76,"['constructive algorithms', 'greedy']"
"March 17, 2025",Two Colors,1394.0,74.14,"['binary search', 'combinatorics', 'math']"
"March 17, 2025",Equalization,1961.0,9.88,"['bitmasks', 'brute force', 'dp', 'graphs', 'math']"
"March 17, 2025",XOR Matrix,2392.0,0.91,"['bitmasks', 'combinatorics', 'dp', 'implementation', 'math']"
"March 17, 2025",Beautiful Sequence Returns,2820.0,0.08,"['binary search', 'brute force', 'data structures', 'implementation']"
"March 15, 2025",Binary Matrix,883.0,98.19,['greedy']
"March 15, 2025",Floor or Ceil,1552.0,53.59,"['brute force', 'greedy']"
"March 15, 2025",Math Division,1821.0,19.71,"['bitmasks', 'dp', 'math', 'probabilities']"
"March 15, 2025",MST in Modulo Graph,2501.0,0.49,"['constructive algorithms', 'dsu', 'graphs', 'greedy', 'math']"
"March 15, 2025",Balancing,2572.0,0.32,['greedy']
"March 15, 2025",Quaternary Matrix,2719.0,0.14,"['bitmasks', 'constructive algorithms', 'greedy', 'implementation', 'matrices']"
"March 15, 2025",Hard Formula,3135.0,0.01,['math']
"March 15, 2025",Hot Matrix,3274.0,0.01,"['constructive algorithms', 'math']"
"March 15, 2025",Hard Formula (Hard Version),3493.0,0.0,['math']
"March 15, 2025",Quantifier,3638.0,0.0,"['combinatorics', 'dp', 'implementation']"
"March 11, 2025",Draw a Square,395.0,99.89,"['geometry', 'implementation']"
"March 11, 2025",The Third Side,563.0,99.71,"['geometry', 'greedy', 'math']"
"March 11, 2025",XOR and Triangle,1076.0,94.7,"['bitmasks', 'brute force', 'geometry', 'greedy', 'probabilities']"
"March 11, 2025",Counting Points,1503.0,60.49,"['brute force', 'data structures', 'geometry', 'implementation', 'two pointers']"
"March 11, 2025",Empty Triangle,1685.0,34.94,"['geometry', 'interactive', 'probabilities']"
"March 11, 2025",Counting Necessary Nodes,2034.0,6.72,"['bitmasks', 'divide and conquer', 'geometry', 'greedy', 'implementation']"
"March 11, 2025",Game With Triangles: Season 2,2287.0,1.65,"['dp', 'geometry']"
"March 10, 2025",Final Verdict,679.0,99.43,['math']
"March 10, 2025",Vicious Labyrinth,990.0,96.7,"['constructive algorithms', 'graphs', 'greedy', 'implementation', 'math']"
"March 10, 2025",Scammy Game Ad,1806.0,21.11,"['dp', 'greedy', 'implementation']"
"March 10, 2025",Breach of Faith,1498.0,61.18,"['constructive algorithms', 'greedy', 'math', 'probabilities', 'sortings']"
"March 10, 2025",Finding OR Sum,2030.0,6.86,"['bitmasks', 'constructive algorithms', 'implementation', 'interactive', 'math']"
"March 10, 2025",Binary Subsequence Value Sum,2276.0,1.76,"['combinatorics', 'data structures', 'dp', 'fft', 'math']"
"March 10, 2025",Another Folding Strip,2727.0,0.13,"['combinatorics', 'constructive algorithms', 'data structures', 'divide and conquer', 'dp']"
"March 10, 2025",Maximum Polygon,3120.0,0.01,"['brute force', 'data structures', 'greedy', 'implementation', 'math']"
"March 10, 2025",AND x OR,3346.0,0.0,"['bitmasks', 'constructive algorithms', 'dp']"
"March 10, 2025",RGB Walking,3685.0,0.0,"['bitmasks', 'chinese remainder theorem', 'dfs and similar', 'graphs', 'number theory']"
"March 10, 2025",Strong Connectivity Strikes Back,,,"['*special', 'constructive algorithms', 'graphs']"
"March 10, 2025",Best Runner,,,['*special']
"March 10, 2025",Card Flip,,,['*special']
"March 10, 2025",Order Statistics,,,"['*special', 'binary search']"
"March 7, 2025","Alice, Bob, And Two Arrays",,,"['*special', 'data structures', 'dp', 'games']"
"March 7, 2025",Arithmetic Exercise,,,"['*special', 'data structures', 'dp', 'greedy']"
"March 7, 2025",Dreaming Is Not Harmful,,,['*special']
"March 7, 2025",Cute Subsequences,,,"['*special', 'sortings']"
"March 2, 2025",The Ultimate Wine Tasting Event,1856.0,16.71,"['combinatorics', 'greedy']"
"March 2, 2025",Ads,1934.0,11.35,"['binary search', 'greedy', 'two pointers']"
"March 2, 2025",Mascot Naming,2022.0,7.16,"['brute force', 'greedy', 'implementation', 'strings']"
"March 2, 2025",Condorcet Elections,2318.0,1.38,"['constructive algorithms', 'graphs', 'greedy', 'probabilities']"
"March 2, 2025",Statues,2713.0,0.14,"['constructive algorithms', 'greedy', 'math']"
"March 2, 2025",Porto Vs. Benfica,2829.0,0.07,"['data structures', 'dfs and similar', 'dsu', 'graphs', 'shortest paths']"
"March 2, 2025",Morse Code,3129.0,0.01,"['dp', 'sortings', 'trees']"
"March 2, 2025",Amusement Park Rides,3161.0,0.01,"['flows', 'graphs']"
"March 2, 2025",Urban Planning,3195.0,0.01,['constructive algorithms']
"March 2, 2025",A Very Long Hike,3746.0,0.0,['shortest paths']
"March 2, 2025",Pinball,3849.0,0.0,"['graphs', 'shortest paths']"
"March 1, 2025",Boarding Queue,1429.0,70.1,[]
"March 1, 2025",Control Towers,1806.0,21.11,[]
"March 1, 2025",Gathering Sharks,1945.0,10.73,[]
"March 1, 2025",Corrupted File,2158.0,3.41,[]
"March 1, 2025",Tower of Hanoi,2378.0,0.98,[]
"March 1, 2025",Cactus Connectivity,2727.0,0.13,[]
"March 1, 2025",Secret Lilies and Roses,2831.0,0.07,['interactive']
"March 1, 2025",Book Sorting,2901.0,0.05,[]
"March 1, 2025",Squares on Grid Lines,3250.0,0.01,[]
"March 1, 2025",Minus Operator,3441.0,0.0,['interactive']
"March 1, 2025",Can You Reach There?,3542.0,0.0,[]
"March 1, 2025",Three-Dimensional Embedding,4260.0,0.0,[]
"March 1, 2025",Hold the Star,4260.0,0.0,[]
"Feb. 28, 2025",The Play Never Ends,311.0,99.93,"['math', 'number theory']"
"Feb. 28, 2025",Perfecto,1043.0,95.58,"['brute force', 'constructive algorithms', 'greedy', 'math']"
"Feb. 28, 2025",Trapmigiano Reggiano,1626.0,42.99,"['constructive algorithms', 'data structures', 'dfs and similar', 'dp', 'greedy']"
"Feb. 28, 2025",Infinite Sequence (Easy Version),1755.0,26.41,"['bitmasks', 'brute force', 'dp', 'implementation', 'math']"
"Feb. 28, 2025",Infinite Sequence (Hard Version),2405.0,0.84,"['bitmasks', 'brute force', 'constructive algorithms', 'data structures', 'dp']"
"Feb. 28, 2025",LeaFall,2708.0,0.15,"['combinatorics', 'dp', 'probabilities', 'trees']"
"Feb. 28, 2025",Towering Arrays,3004.0,0.03,"['binary search', 'data structures']"
"Feb. 27, 2025",FizzBuzz Remixed,586.0,99.67,"['brute force', 'math']"
"Feb. 27, 2025",Robot Program,1001.0,96.5,"['brute force', 'implementation', 'math']"
"Feb. 27, 2025",Limited Repainting,1465.0,65.58,"['binary search', 'greedy']"
"Feb. 27, 2025",Tree Jumps,1602.0,46.41,"['dfs and similar', 'dp', 'trees']"
"Feb. 27, 2025",Game with Binary String,2276.0,1.76,"['constructive algorithms', 'data structures', 'divide and conquer', 'games', 'greedy']"
"Feb. 27, 2025",Friends and Pizza,2991.0,0.03,"['bitmasks', 'divide and conquer', 'dp', 'fft']"
"Feb. 25, 2025","New World, New Me, New Array",401.0,99.89,"['greedy', 'implementation', 'math']"
"Feb. 25, 2025","Having Been a Treasurer it, I Help Goblins Deceive",834.0,98.63,"['combinatorics', 'constructive algorithms', 'strings']"
"Feb. 25, 2025",Creating Keys for StORageHas Become My Main Skill,1245.0,87.11,"['bitmasks', 'constructive algorithms', 'greedy']"
"Feb. 25, 2025","For Wizards, the Exam Isbut I Couldn't Handle It",1287.0,84.15,"['brute force', 'greedy', 'implementation']"
"Feb. 25, 2025",Do You Love Your Hero andHit Multi-Target Attacks?,1510.0,59.52,"['binary search', 'brute force', 'constructive algorithms', 'dp', 'geometry']"
"Feb. 25, 2025","Goodbye, Banker Life",1704.0,32.5,"['2-sat', 'bitmasks', 'combinatorics', 'constructive algorithms', 'fft']"
"Feb. 25, 2025",I've Been Flipping Numberrs and Calculated the Sum,2182.0,2.98,"['binary search', 'brute force', 'combinatorics', 'divide and conquer', 'math']"
"Feb. 18, 2025",Was there an Array?,653.0,99.51,"['graph matchings', 'greedy']"
"Feb. 18, 2025",Set of Strangers,1170.0,91.24,"['greedy', 'matrices']"
"Feb. 18, 2025",Beautiful Sequence,1483.0,63.21,"['combinatorics', 'dp', 'greedy', 'two pointers']"
"Feb. 18, 2025",Palindrome Shuffle,1847.0,17.45,"['binary search', 'greedy', 'hashing', 'strings', 'two pointers']"
"Feb. 18, 2025","A, B, AB and BA",2351.0,1.15,"['constructive algorithms', 'greedy', 'sortings', 'strings']"
"Feb. 18, 2025",Graph Inclusion,2787.0,0.09,"['data structures', 'dfs and similar', 'divide and conquer', 'dsu', 'graphs']"
"Feb. 16, 2025",Brogramming Contest,475.0,99.82,"['greedy', 'strings']"
"Feb. 16, 2025",Variety is Discouraged,1087.0,94.38,"['binary search', 'constructive algorithms', 'greedy', 'two pointers']"
"Feb. 16, 2025",Remove the Ends,1281.0,84.6,"['brute force', 'constructive algorithms', 'dp', 'greedy']"
"Feb. 16, 2025",Eating,1867.0,15.85,"['binary search', 'bitmasks', 'brute force', 'data structures', 'dp']"
"Feb. 16, 2025",Mycraft Sand Sort,2420.0,0.77,"['combinatorics', 'data structures', 'dsu', 'greedy', 'math']"
"Feb. 16, 2025",We Be Summing,2771.0,0.1,"['binary search', 'data structures', 'dp', 'two pointers']"
"Feb. 11, 2025",Adjacent Digit Sums,754.0,99.13,"['brute force', 'constructive algorithms', 'math']"
"Feb. 11, 2025",Two Large Bags,1186.0,90.47,"['brute force', 'dp', 'greedy', 'sortings']"
"Feb. 11, 2025",Devyatkino,1450.0,67.5,"['brute force', 'dfs and similar', 'greedy', 'math']"
"Feb. 11, 2025",Object Identification,1855.0,16.79,"['constructive algorithms', 'graphs', 'greedy', 'implementation', 'interactive']"
"Feb. 11, 2025",White Magic,2033.0,6.76,"['constructive algorithms', 'data structures', 'dp', 'greedy', 'implementation']"
"Feb. 11, 2025",Bitwise Slides,2309.0,1.46,"['bitmasks', 'combinatorics', 'data structures', 'dp', 'math']"
"Feb. 11, 2025",Club of Young Aircraft Builders (easy version),2375.0,1.0,"['combinatorics', 'dp', 'math']"
"Feb. 11, 2025",Club of Young Aircraft Builders (hard version),2933.0,0.04,"['combinatorics', 'dp', 'math']"
"Feb. 11, 2025",Tropical Season,3250.0,0.01,"['binary search', 'data structures', 'greedy', 'implementation']"
"Feb. 11, 2025",Curse,4053.0,0.0,"['constructive algorithms', 'dp', 'math']"
"Feb. 9, 2025",Skibidus and Amog'u,163.0,99.97,"['brute force', 'constructive algorithms', 'greedy', 'implementation', 'strings']"
"Feb. 9, 2025",Skibidus and Ohio,678.0,99.44,['strings']
"Feb. 9, 2025",Skibidus and Fanum Tax (easy version),1043.0,95.58,"['binary search', 'dp', 'greedy']"
"Feb. 9, 2025",Skibidus and Sigma,1219.0,88.7,['sortings']
"Feb. 9, 2025",Skibidus and Fanum Tax (hard version),1304.0,82.8,"['binary search', 'greedy']"
"Feb. 9, 2025",Skibidus and Rizz,1595.0,47.41,"['constructive algorithms', 'greedy', 'strings']"
"Feb. 9, 2025",Skibidus and Slay,1787.0,22.99,"['data structures', 'dfs and similar', 'graphs', 'greedy', 'trees']"
"Feb. 9, 2025",Skibidus and Capping,1883.0,14.66,"['combinatorics', 'math', 'number theory']"
"Feb. 9, 2025",Bro Thinks He's Him,2142.0,3.72,"['combinatorics', 'data structures', 'divide and conquer', 'dp', 'math']"
"Feb. 2, 2025",Milya and Two Arrays,394.0,99.89,"['constructive algorithms', 'greedy', 'sortings']"
"Feb. 2, 2025",Cost of the Array,1225.0,88.35,"['brute force', 'constructive algorithms', 'greedy', 'math']"
"Feb. 2, 2025",Customer Service,1557.0,52.88,"['brute force', 'constructive algorithms', 'graph matchings', 'greedy', 'math']"
"Feb. 2, 2025",Graph and Graph,1814.0,20.35,"['data structures', 'graphs', 'greedy', 'shortest paths']"
"Feb. 2, 2025",Stop Gaming (Easy Version),2556.0,0.36,"['brute force', 'constructive algorithms', 'greedy', 'hashing', 'strings']"
"Feb. 2, 2025",Stop Gaming (Hard Version),2995.0,0.03,"['brute force', 'constructive algorithms', 'data structures', 'hashing', 'strings']"
"Jan. 26, 2025",String,390.0,99.89,"['constructive algorithms', 'greedy', 'math', 'strings']"
"Jan. 26, 2025",Clockwork,831.0,98.65,"['greedy', 'math']"
"Jan. 26, 2025",Cirno and Operations,1204.0,89.54,"['brute force', 'math']"
"Jan. 26, 2025",The Game (Easy Version),2019.0,7.28,"['data structures', 'dfs and similar', 'games', 'graphs', 'greedy']"
"Jan. 26, 2025",Balanced Tree,2152.0,3.52,"['dfs and similar', 'dp', 'graphs', 'greedy', 'trees']"
"Jan. 26, 2025",Traveling Salescat,2906.0,0.05,"['constructive algorithms', 'dp', 'geometry', 'graphs', 'greedy']"
"Jan. 26, 2025",The Game (Hard Version),3132.0,0.01,"['data structures', 'dfs and similar', 'games', 'graphs', 'implementation']"
"Jan. 26, 2025",Permutation Factory,3666.0,0.0,"['flows', 'geometry', 'graph matchings', 'graphs']"
"Jan. 26, 2025",Galaxy Generator,3706.0,0.0,"['bitmasks', 'combinatorics', 'dp']"
"Jan. 22, 2025",Minimal Coprime,382.0,99.9,"['math', 'number theory']"
"Jan. 22, 2025",Subsequence Update,972.0,97.02,"['constructive algorithms', 'data structures', 'greedy', 'sortings']"
"Jan. 22, 2025",Remove Exactly Two,1515.0,58.83,"['brute force', 'data structures', 'dfs and similar', 'dp', 'graphs']"
"Jan. 22, 2025",Game With Triangles,2015.0,7.44,"['binary search', 'brute force', 'data structures', 'geometry', 'greedy']"
"Jan. 22, 2025",Triangle Tree,2338.0,1.24,"['data structures', 'dfs and similar', 'dp', 'greedy', 'trees']"
"Jan. 22, 2025",Counting Is Not Fun (Easy Version),2508.0,0.47,"['combinatorics', 'data structures', 'dfs and similar', 'dp', 'dsu']"
"Jan. 22, 2025",Counting Is Not Fun (Hard Version),2774.0,0.1,"['combinatorics', 'data structures', 'dfs and similar', 'dsu', 'graphs']"
"Jan. 20, 2025",Kevin and Arithmetic,541.0,99.74,['math']
"Jan. 20, 2025",Kevin and Geometry,1261.0,86.05,"['binary search', 'geometry']"
"Jan. 20, 2025",Kevin and Numbers,1529.0,56.86,"['bitmasks', 'data structures']"
"Jan. 20, 2025",Kevin and Puzzle,1563.0,52.01,"['2-sat', 'combinatorics', 'dp']"
"Jan. 20, 2025",Kevin and And,2044.0,6.37,"['bitmasks', 'brute force', 'dp', 'greedy', 'math']"
"Jan. 20, 2025",Kevin and Binary String (Easy Version),2164.0,3.3,"['greedy', 'implementation']"
"Jan. 20, 2025",Kevin and Teams,2960.0,0.03,"['constructive algorithms', 'graphs', 'interactive']"
"Jan. 20, 2025",Kevin and Stones (Easy Version),3496.0,0.0,"['flows', 'graph matchings', 'graphs']"
"Jan. 20, 2025",Kevin and Binary String (Hard Version),3497.0,0.0,"['data structures', 'dp']"
"Jan. 20, 2025",Kevin and Nivek,4145.0,0.0,"['divide and conquer', 'dp']"
"Jan. 20, 2025",Kevin and Stones (Hard Version),4713.0,0.0,"['flows', 'graphs']"
"Jan. 19, 2025",Fibonacciness,470.0,99.83,['brute force']
"Jan. 19, 2025",Game of Mathletes,885.0,98.17,"['games', 'greedy', 'sortings', 'two pointers']"
"Jan. 19, 2025",Farmer John's Card Game,928.0,97.67,"['greedy', 'sortings']"
"Jan. 19, 2025",Subtract Min Sort,1015.0,96.21,['greedy']
"Jan. 19, 2025",Graph Composition,1593.0,47.7,"['dfs and similar', 'dsu', 'graphs', 'greedy']"
"Jan. 19, 2025",Multiplicative Arrays,2213.0,2.51,"['combinatorics', 'dp', 'number theory']"
"Jan. 19, 2025",Bugged Sort,2452.0,0.65,"['dp', 'greedy', 'sortings']"
"Jan. 17, 2025",Shape Perimeter,468.0,99.83,"['constructive algorithms', 'math']"
"Jan. 17, 2025",Palindromic Subsequences,1194.0,90.07,"['brute force', 'constructive algorithms', 'math']"
"Jan. 17, 2025",Find the Permutation,1201.0,89.7,"['brute force', 'dfs and similar', 'graphs', 'implementation', 'sortings']"
"Jan. 17, 2025",Unique Median,2255.0,1.98,"['binary search', 'brute force', 'combinatorics', 'data structures', 'divide and conquer']"
"Jan. 17, 2025",Nested Segments,2582.0,0.31,"['combinatorics', 'dfs and similar', 'dp', 'dsu', 'math']"
"Jan. 17, 2025",Xor of Median (Easy Version),2882.0,0.05,"['bitmasks', 'brute force', 'combinatorics', 'dp', 'math']"
"Jan. 17, 2025",Xor of Median (Hard Version),3201.0,0.01,"['bitmasks', 'brute force', 'combinatorics', 'dp', 'math']"
"Jan. 12, 2025",Two Frogs,296.0,99.94,"['constructive algorithms', 'games', 'greedy', 'math']"
"Jan. 12, 2025",Crafting,851.0,98.49,"['constructive algorithms', 'greedy', 'sortings']"
"Jan. 12, 2025",The Trail,1393.0,74.25,"['brute force', 'constructive algorithms', 'greedy', 'math', 'two pointers']"
"Jan. 12, 2025",Scarecrow,2063.0,5.75,"['greedy', 'implementation', 'math']"
"Jan. 12, 2025",Haystacks,3034.0,0.02,"['brute force', 'constructive algorithms', 'data structures', 'greedy', 'sortings']"
"Jan. 12, 2025",Cosmic Divide,3479.0,0.0,"['brute force', 'geometry', 'hashing', 'math', 'strings']"
"Jan. 4, 2025",MEX Table,390.0,99.89,"['constructive algorithms', 'math']"
"Jan. 4, 2025",Gorilla and the Exam,1029.0,95.91,"['greedy', 'sortings']"
"Jan. 4, 2025",Trip to the Olympiad,1514.0,58.97,"['bitmasks', 'constructive algorithms', 'greedy', 'math']"
"Jan. 4, 2025",Gifts Order,2008.0,7.72,"['data structures', 'greedy', 'implementation', 'math']"
"Jan. 4, 2025",Another Exercise on Graphs (Easy Version),2261.0,1.91,"['binary search', 'brute force', 'dp', 'dsu', 'graphs']"
"Jan. 4, 2025",Another Exercise on Graphs (hard version),2495.0,0.5,"['binary search', 'dfs and similar', 'dp', 'dsu', 'graphs']"
"Jan. 4, 2025",Secret Message,3014.0,0.03,"['constructive algorithms', 'dfs and similar', 'math']"
"Jan. 4, 2025",Formation,3471.0,0.0,"['binary search', 'data structures', 'dp', 'sortings', 'two pointers']"
"Jan. 4, 2025",Coffee Break,3663.0,0.0,"['data structures', 'greedy', 'math']"
"Dec. 28, 2024",Tender Carpenter,604.0,99.63,"['dp', 'geometry', 'greedy', 'math']"
"Dec. 28, 2024",Outstanding Impressionist,1079.0,94.62,"['binary search', 'brute force', 'data structures', 'greedy']"
"Dec. 28, 2024",Bewitching Stargazer,1404.0,73.02,"['bitmasks', 'divide and conquer', 'dp', 'math']"
"Dec. 28, 2024",Refined Product Optimality,1693.0,33.9,"['binary search', 'data structures', 'greedy', 'math', 'schedules']"
"Dec. 28, 2024",Resourceful Caterpillar Sequence,1954.0,10.25,"['dfs and similar', 'dp', 'games', 'graphs', 'greedy']"
"Dec. 28, 2024",Earnest Matrix Complement,2615.0,0.25,"['brute force', 'data structures', 'dp', 'greedy', 'implementation']"
"Dec. 28, 2024",Affectionate Arrays (Easy Version),2832.0,0.07,"['data structures', 'dp', 'greedy']"
"Dec. 28, 2024",Naive String Splits,3386.0,0.0,"['binary search', 'brute force', 'greedy', 'hashing', 'math']"
"Dec. 28, 2024",Delicate Anti-monotonous Operations,3826.0,0.0,"['constructive algorithms', 'implementation']"
"Dec. 28, 2024",Affectionate Arrays (Hard Version),4611.0,0.0,"['data structures', 'dp', 'graphs', 'greedy', 'math']"
"Dec. 24, 2024",Coin Transformation,664.0,99.48,"['brute force', 'math']"
"Dec. 24, 2024",Digits,1017.0,96.17,"['math', 'number theory']"
"Dec. 24, 2024",Sums on Segments,1623.0,43.42,"['binary search', 'brute force', 'data structures', 'dp', 'greedy']"
"Dec. 24, 2024",Problem about GCD,1876.0,15.17,"['brute force', 'flows', 'math', 'number theory']"
"Dec. 24, 2024",Matrix Transformation,2400.0,0.87,"['bitmasks', 'brute force', 'data structures', 'dfs and similar', 'graphs']"
"Dec. 24, 2024",Nim,2706.0,0.15,"['bitmasks', 'brute force', 'combinatorics', 'dp', 'games']"
"Dec. 24, 2024",Problem with Queries,3648.0,0.0,"['brute force', 'data structures', 'implementation']"
"Dec. 23, 2024",TON Block Compression,,,"['*special', 'interactive']"
"Dec. 22, 2024",Journey,481.0,99.82,"['binary search', 'math']"
"Dec. 22, 2024",Preparing for the Olympiad,553.0,99.73,['greedy']
"Dec. 22, 2024",Preparing for the Exam,1002.0,96.48,"['constructive algorithms', 'implementation']"
"Dec. 22, 2024",Counting Pairs,1143.0,92.4,"['binary search', 'sortings', 'two pointers']"
"Dec. 22, 2024",Best Price,1622.0,43.56,"['binary search', 'brute force', 'data structures', 'greedy', 'sortings']"
"Dec. 22, 2024",Joker,2065.0,5.68,"['brute force', 'greedy', 'implementation', 'math']"
"Dec. 22, 2024",Snakes,2246.0,2.08,"['bitmasks', 'dp', 'dsu', 'graphs']"
"Dec. 20, 2024",MEX Destruction,664.0,99.48,"['greedy', 'implementation']"
"Dec. 20, 2024",pspspsps,1176.0,90.96,"['brute force', 'constructive algorithms', 'graph matchings', 'implementation']"
"Dec. 20, 2024",MEX Cycle,1415.0,71.76,"['brute force', 'constructive algorithms', 'greedy', 'implementation']"
"Dec. 20, 2024",Shift + Esc,1920.0,12.19,"['brute force', 'dp']"
"Dec. 20, 2024",Broken Queries,2486.0,0.53,"['binary search', 'bitmasks', 'brute force', 'constructive algorithms', 'implementation']"
"Dec. 20, 2024",MEX OR Mania,2955.0,0.04,"['bitmasks', 'brute force', 'data structures', 'dsu', 'implementation']"
"Dec. 19, 2024",Kevin and Combination Lock,487.0,99.81,"['brute force', 'greedy', 'implementation', 'math', 'number theory']"
"Dec. 19, 2024",Kevin and Permutation,741.0,99.19,"['constructive algorithms', 'greedy']"
"Dec. 19, 2024",Kevin and Binary Strings,1128.0,92.99,"['bitmasks', 'brute force', 'greedy', 'implementation', 'strings']"
"Dec. 19, 2024",Kevin and Competition Memories,1593.0,47.7,"['binary search', 'brute force', 'data structures', 'greedy', 'sortings']"
"Dec. 19, 2024",Kevin and Bipartite Graph,2066.0,5.65,"['constructive algorithms', 'flows', 'graphs', 'greedy']"
"Dec. 19, 2024",Kevin and Math Class,2534.0,0.4,"['brute force', 'data structures', 'divide and conquer', 'dp', 'implementation']"
"Dec. 19, 2024",Kevin and Matrices,2832.0,0.07,"['brute force', 'combinatorics', 'dp', 'math']"
"Dec. 19, 2024",Kevin and Strange Operation,3188.0,0.01,"['data structures', 'dp']"
"Dec. 19, 2024",Kevin and Puzzle (Easy Version),3582.0,0.0,['constructive algorithms']
"Dec. 19, 2024",Kevin and Puzzle (Hard Version),4550.0,0.0,"['bitmasks', 'fft', 'math']"
"Dec. 15, 2024",Easy Problem,192.0,99.97,"['brute force', 'math']"
"Dec. 15, 2024",Normal Problem,354.0,99.91,"['implementation', 'strings']"
"Dec. 15, 2024",Hard Problem,463.0,99.84,"['greedy', 'math']"
"Dec. 15, 2024",Harder Problem,1136.0,92.68,"['constructive algorithms', 'greedy', 'math']"
"Dec. 15, 2024",Insane Problem,1311.0,82.22,"['binary search', 'greedy', 'implementation', 'math', 'number theory']"
"Dec. 15, 2024",Medium Demon Problem (easy version),1791.0,22.59,"['dfs and similar', 'graph matchings', 'graphs', 'implementation', 'trees']"
"Dec. 15, 2024",Easy Demon Problem,2030.0,6.86,"['binary search', 'brute force', 'data structures', 'math', 'number theory']"
"Dec. 15, 2024",Medium Demon Problem (hard version),2124.0,4.11,"['dfs and similar', 'dp', 'dsu', 'graphs', 'implementation']"
"Dec. 15, 2024",Hard Demon Problem,2162.0,3.33,"['constructive algorithms', 'data structures', 'dp', 'implementation', 'math']"
"Dec. 15, 2024",Adrenaline Rush,1562.0,52.16,['constructive algorithms']
"Dec. 15, 2024",Fix Flooded Floor,1720.0,30.51,"['constructive algorithms', 'dp', 'graphs']"
"Dec. 15, 2024",Expression Correction,1916.0,12.44,"['brute force', 'expression parsing', 'strings']"
"Dec. 15, 2024",Judicious Watching,2096.0,4.8,"['binary search', 'greedy', 'sortings']"
"Dec. 15, 2024",DAG Serialization,2162.0,3.33,"['brute force', 'graphs']"
"Dec. 15, 2024",BitBitJump,2515.0,0.45,[]
"Dec. 15, 2024",Managing Cluster,2740.0,0.12,"['dp', 'graphs', 'math', 'trees']"
"Dec. 15, 2024",Geometric Balance,2991.0,0.03,"['data structures', 'geometry', 'implementation']"
"Dec. 15, 2024",Incompetent Delivery Guy,2991.0,0.03,"['graphs', 'shortest paths']"
"Dec. 15, 2024",Knowns and Unknowns,3102.0,0.02,[]
"Dec. 15, 2024",Legacy Screensaver,3152.0,0.01,[]
"Dec. 15, 2024",Cactus without Bridges,3671.0,0.0,"['constructive algorithms', 'math']"
"Dec. 15, 2024",Hunting Hoglins in Hogwarts,3671.0,0.0,['interactive']
"Dec. 8, 2024",Game of Division,427.0,99.87,"['games', 'math']"
"Dec. 8, 2024",Paint a Strip,860.0,98.41,"['constructive algorithms', 'greedy', 'math']"
"Dec. 8, 2024",Ordered Permutations,1564.0,51.87,"['bitmasks', 'combinatorics', 'constructive algorithms', 'greedy', 'math']"
"Dec. 8, 2024",Non Prime Tree,1934.0,11.35,"['brute force', 'constructive algorithms', 'dfs and similar', 'greedy', 'number theory']"
"Dec. 8, 2024",Control of Randomness,2190.0,2.85,"['combinatorics', 'dfs and similar', 'dp', 'graphs', 'greedy']"
"Dec. 8, 2024",Number of Cubes,2871.0,0.06,"['combinatorics', 'dp', 'math', 'number theory']"
"Dec. 5, 2024",Line Breaks,311.0,99.93,['implementation']
"Dec. 5, 2024",Transfusion,972.0,97.02,"['brute force', 'greedy', 'math']"
"Dec. 5, 2024",Uninteresting Number,1109.0,93.67,"['brute force', 'dp', 'math']"
"Dec. 5, 2024",Digital string maximization,1291.0,83.84,"['brute force', 'greedy', 'math', 'strings']"
"Dec. 5, 2024",Three Strings,1485.0,62.94,"['dp', 'implementation', 'strings']"
"Dec. 5, 2024",Maximum modulo equality,1671.0,36.79,"['data structures', 'math', 'number theory']"
"Dec. 5, 2024",Tree Destruction,1959.0,9.98,"['dfs and similar', 'dp', 'trees']"
"Dec. 3, 2024",Alyona and a Square Jigsaw Puzzle,582.0,99.68,"['implementation', 'math']"
"Dec. 3, 2024",Replace Character,756.0,99.12,"['brute force', 'combinatorics', 'greedy', 'strings']"
"Dec. 3, 2024",Swap Columns and Find a Path,1154.0,91.95,"['data structures', 'greedy', 'sortings']"
"Dec. 3, 2024",Move Back at a Cost,1560.0,52.44,"['binary search', 'data structures', 'greedy', 'sortings']"
"Dec. 3, 2024",Adventurers,2153.0,3.5,"['binary search', 'data structures', 'flows', 'greedy', 'implementation']"
"Dec. 3, 2024",Cheops and a Contest (Easy Version),3038.0,0.02,"['constructive algorithms', 'greedy']"
"Dec. 3, 2024",For the Emperor!,3092.0,0.02,"['flows', 'graphs']"
"Dec. 3, 2024",Yandex Cuneiform (Easy Version),3473.0,0.0,"['constructive algorithms', 'data structures', 'greedy']"
"Dec. 3, 2024",Cheops and a Contest (Hard Version),3807.0,0.0,"['greedy', 'implementation']"
"Dec. 3, 2024",Yandex Cuneiform (Hard Version),4392.0,0.0,"['constructive algorithms', 'data structures', 'greedy', 'implementation']"
"Dec. 2, 2024",Greedy Monocarp,524.0,99.77,"['greedy', 'sortings']"
"Dec. 2, 2024",Game with Colored Marbles,825.0,98.7,"['games', 'greedy']"
"Dec. 2, 2024",Competitive Fishing,1700.0,33.0,['greedy']
"Dec. 2, 2024",Recommendations,1943.0,10.84,"['data structures', 'implementation', 'sortings', 'two pointers']"
"Dec. 2, 2024",Two Subarrays,2575.0,0.32,"['data structures', 'dp', 'implementation', 'matrices']"
"Dec. 2, 2024",Vertex Pairs,2843.0,0.07,"['binary search', 'brute force', 'data structures', 'dfs and similar', 'divide and conquer']"
"Dec. 1, 2024",Saraga,1449.0,67.63,"['greedy', 'strings']"
"Dec. 1, 2024",Scrambled Scrabble,1775.0,24.24,"['brute force', 'greedy']"
"Dec. 1, 2024",Mirror Maze,1854.0,16.87,"['brute force', 'dfs and similar', 'graphs', 'implementation']"
"Dec. 1, 2024",ICPC Square,2069.0,5.56,"['math', 'number theory']"
"Dec. 1, 2024",Microwavable Subsequence,2179.0,3.03,['data structures']
"Dec. 1, 2024",X Aura,2307.0,1.47,"['graphs', 'math', 'shortest paths']"
"Dec. 1, 2024",Missing Separators,2402.0,0.86,"['dp', 'sortings', 'string suffix structures', 'strings']"
"Dec. 1, 2024",Xorderable Array,2737.0,0.13,"['bitmasks', 'data structures']"
"Dec. 1, 2024",Narrower Passageway,2934.0,0.04,"['combinatorics', 'data structures']"
"Dec. 1, 2024",Buggy DFS,3058.0,0.02,['constructive algorithms']
"Dec. 1, 2024",Grid Game 3-angle,3069.0,0.02,"['games', 'math']"
"Dec. 1, 2024",GCDDCG,3277.0,0.01,[]
"Dec. 1, 2024",Aquatic Dragon,4282.0,0.0,[]
"Nov. 30, 2024",King Keykhosrow's Mystery,434.0,99.86,"['brute force', 'chinese remainder theorem', 'math', 'number theory']"
"Nov. 30, 2024",Rakhsh's Revival,921.0,97.76,"['data structures', 'greedy', 'implementation', 'two pointers']"
"Nov. 30, 2024",Trapped in the Witch's Labyrinth,1399.0,73.59,"['constructive algorithms', 'dfs and similar', 'graphs', 'implementation']"
"Nov. 30, 2024",Darius' Wisdom,1605.0,45.98,"['constructive algorithms', 'greedy', 'implementation', 'sortings']"
"Nov. 30, 2024",Permutations Harmony,2200.0,2.7,"['combinatorics', 'constructive algorithms', 'greedy', 'hashing', 'math']"
"Nov. 30, 2024",Khayyam's Royal Decree (Easy Version),2539.0,0.39,"['combinatorics', 'dp', 'math', 'sortings']"
"Nov. 30, 2024",Khayyam's Royal Decree (Hard Version),2800.0,0.09,"['combinatorics', 'dp', 'math', 'sortings']"
"Nov. 30, 2024",Rayan vs. Rayaneh,3390.0,0.0,"['brute force', 'dfs and similar', 'dp', 'number theory']"
"Nov. 30, 2024",Simurgh's Watch (Easy Version),3656.0,0.0,"['constructive algorithms', 'greedy', 'implementation']"
"Nov. 30, 2024",Simurgh's Watch (Hard Version),3986.0,0.0,"['greedy', 'implementation']"
"Nov. 24, 2024",The Bento Box Adventure,459.0,99.84,"['implementation', 'sortings']"
"Nov. 24, 2024",Beautiful Array,1255.0,86.45,"['constructive algorithms', 'math']"
"Nov. 24, 2024",Bowling Frame,1257.0,86.32,"['binary search', 'brute force', 'math']"
"Nov. 24, 2024",Drunken Maze,1763.0,25.53,"['brute force', 'dfs and similar', 'graphs', 'shortest paths']"
"Nov. 24, 2024",Cube,1962.0,9.83,"['bitmasks', 'dfs and similar', 'dp']"
"Nov. 24, 2024",Selection Sort,2189.0,2.87,"['binary search', 'data structures', 'greedy', 'two pointers']"
"Nov. 24, 2024",Sheet Music,2374.0,1.01,"['combinatorics', 'dp', 'math']"
"Nov. 24, 2024",Auto Complete,2406.0,0.84,"['binary search', 'data structures', 'hashing', 'implementation', 'sortings']"
"Nov. 24, 2024",Segmentation Folds,2571.0,0.33,"['brute force', 'dfs and similar', 'number theory']"
"Nov. 24, 2024",Bottle Arrangement,2961.0,0.03,"['data structures', 'divide and conquer', 'dp', 'dsu', 'greedy']"
"Nov. 24, 2024",Grid Game,3251.0,0.01,[]
"Nov. 24, 2024",Trophic Balance Species,3314.0,0.0,"['binary search', 'brute force', 'dfs and similar', 'graphs']"
"Nov. 24, 2024",Building Castle,3398.0,0.0,[]
"Nov. 24, 2024",Railway Construction,4063.0,0.0,[]
"Nov. 23, 2024",Shohag Loves Mod,485.0,99.81,"['constructive algorithms', 'number theory']"
"Nov. 23, 2024",Shohag Loves Strings,920.0,97.77,"['constructive algorithms', 'greedy', 'implementation', 'strings']"
"Nov. 23, 2024",Shohag Loves XOR (Easy Version),1177.0,90.91,"['bitmasks', 'brute force', 'math', 'number theory']"
"Nov. 23, 2024",Shohag Loves GCD,1656.0,38.82,"['constructive algorithms', 'greedy', 'math', 'number theory']"
"Nov. 23, 2024",Shohag Loves XOR (Hard Version),1793.0,22.38,"['bitmasks', 'brute force', 'math', 'number theory']"
"Nov. 23, 2024",Shohag Loves Inversions,2144.0,3.68,"['combinatorics', 'dp', 'implementation', 'math']"
"Nov. 23, 2024",Shohag Loves Counting (Easy Version),2891.0,0.05,"['brute force', 'combinatorics', 'dp', 'math', 'number theory']"
"Nov. 23, 2024",Shohag Loves Counting (Hard Version),3239.0,0.01,"['dp', 'number theory']"
"Nov. 23, 2024",Cool Swap Walk (Easy Version),3580.0,0.0,"['constructive algorithms', 'implementation', 'sortings']"
"Nov. 23, 2024",Cool Swap Walk (Hard Version),3804.0,0.0,"['constructive algorithms', 'implementation', 'sortings']"
"Nov. 23, 2024",Shohag Loves Pebae,4125.0,0.0,"['math', 'number theory']"
"Nov. 18, 2024",Fixing the Expression,853.0,98.47,['implementation']
"Nov. 18, 2024",Waiting for...,929.0,97.66,"['greedy', 'implementation']"
"Nov. 18, 2024",Bridge Renovation,1437.0,69.12,"['brute force', 'dp', 'greedy', 'math', 'two pointers']"
"Nov. 18, 2024",DIY,1440.0,68.75,"['data structures', 'geometry', 'greedy', 'sortings']"
"Nov. 18, 2024",Bonus Project,1530.0,56.72,"['games', 'greedy']"
"Nov. 18, 2024",Guess One Character,1893.0,13.95,"['constructive algorithms', 'implementation', 'interactive']"
"Nov. 18, 2024",Make It Equal,2147.0,3.62,"['binary search', 'brute force', 'greedy', 'math']"
"Nov. 18, 2024",Grid Walk,2224.0,2.36,"['brute force', 'dp', 'greedy', 'math', 'number theory']"
"Nov. 18, 2024",Divide OR Conquer,2501.0,0.49,"['bitmasks', 'data structures', 'dp', 'implementation']"
"Nov. 18, 2024",Polyathlon,2576.0,0.32,"['binary search', 'data structures', 'hashing', 'string suffix structures', 'strings']"
"Nov. 18, 2024",Alternative Platforms,2594.0,0.29,"['combinatorics', 'data structures', 'fft', 'math', 'sortings']"
"Nov. 18, 2024",Royal Flush,2928.0,0.04,"['dp', 'implementation']"
"Nov. 18, 2024",Barrels,3071.0,0.02,"['data structures', 'greedy', 'math']"
"Nov. 18, 2024",Galactic Council,3158.0,0.01,['flows']
"Nov. 17, 2024",Twice,405.0,99.88,['implementation']
"Nov. 17, 2024",Intercepted Inputs,770.0,99.05,"['brute force', 'implementation']"
"Nov. 17, 2024",Superultra's Favorite Permutation,924.0,97.72,"['constructive algorithms', 'greedy', 'math', 'number theory']"
"Nov. 17, 2024",Sharky Surfing,1372.0,76.5,"['data structures', 'greedy', 'two pointers']"
"Nov. 17, 2024",Kachina's Favorite Binary String,1683.0,35.2,"['dp', 'greedy', 'interactive', 'two pointers']"
"Nov. 17, 2024",Natlan Exploring,2036.0,6.65,"['bitmasks', 'combinatorics', 'data structures', 'dp', 'math']"
"Nov. 17, 2024",Ardent Flames,2124.0,4.11,"['binary search', 'data structures', 'math', 'sortings', 'two pointers']"
"Nov. 15, 2024",Penchick and Modern Monument,679.0,99.43,"['constructive algorithms', 'dp', 'greedy', 'math']"
"Nov. 15, 2024",Penchick and Satay Sticks,782.0,98.98,"['brute force', 'greedy', 'sortings']"
"Nov. 15, 2024",Penchick and BBQ Buns,1317.0,81.71,"['constructive algorithms', 'math', 'number theory']"
"Nov. 15, 2024",Penchick and Desert Rabbit,1674.0,36.39,"['binary search', 'data structures', 'dfs and similar', 'dp', 'dsu']"
"Nov. 15, 2024",Penchick and Chloe's Trees,2125.0,4.09,"['data structures', 'dfs and similar', 'dp', 'greedy', 'implementation']"
"Nov. 15, 2024",Penchick and Even Medians,2970.0,0.03,"['binary search', 'constructive algorithms', 'interactive', 'probabilities']"
"Nov. 10, 2024",Alice's Adventures in ''Chess'',791.0,98.93,"['brute force', 'implementation', 'math']"
"Nov. 10, 2024",Alice's Adventures in Permuting,1360.0,77.72,"['binary search', 'implementation', 'math']"
"Nov. 10, 2024",Alice's Adventures in Cutting Cake,1544.0,54.73,"['binary search', 'dp', 'greedy', 'two pointers']"
"Nov. 10, 2024",Alice's Adventures in Cards,2029.0,6.9,"['constructive algorithms', 'data structures', 'dp', 'graphs', 'greedy']"
"Nov. 10, 2024",Alice's Adventures in the Rabbit Hole,2323.0,1.35,"['combinatorics', 'dfs and similar', 'dp', 'games', 'greedy']"
"Nov. 10, 2024",Alice's Adventures in Addition,2850.0,0.07,"['bitmasks', 'brute force', 'dp', 'implementation']"
"Nov. 9, 2024",Set,656.0,99.5,"['greedy', 'math']"
"Nov. 9, 2024",Replacement,1091.0,94.25,"['constructive algorithms', 'games', 'greedy', 'strings']"
"Nov. 9, 2024",New Rating,1604.0,46.12,"['binary search', 'data structures', 'dp', 'greedy']"
"Nov. 9, 2024",Cool Graph,1879.0,14.95,"['constructive algorithms', 'data structures', 'dfs and similar', 'dsu', 'graphs']"
"Nov. 9, 2024",Common Generator,2027.0,6.98,"['brute force', 'constructive algorithms', 'math', 'number theory']"
"Nov. 9, 2024",Palindrome Everywhere,2500.0,0.49,"['constructive algorithms', 'graphs', 'greedy']"
"Nov. 9, 2024",Balanced Problem,3141.0,0.01,"['data structures', 'dp']"
"Nov. 9, 2024",Message Spread,3771.0,0.0,"['bitmasks', 'combinatorics', 'dp']"
"Nov. 9, 2024",Variance Challenge,4021.0,0.0,"['flows', 'graphs', 'greedy']"
"Nov. 2, 2024",Quintomania,509.0,99.79,['implementation']
"Nov. 2, 2024",Startup,879.0,98.23,"['greedy', 'sortings']"
"Nov. 2, 2024",Anya and 1100,1140.0,92.52,"['brute force', 'implementation']"
"Nov. 2, 2024",I Love 1543,1345.0,79.17,"['brute force', 'implementation', 'matrices']"
"Nov. 2, 2024",Reverse the Rivers,1695.0,33.64,"['binary search', 'constructive algorithms', 'data structures', 'greedy']"
"Nov. 2, 2024",XORificator 3000,1966.0,9.63,"['bitmasks', 'dp', 'number theory', 'two pointers']"
"Nov. 2, 2024",Library of Magic,2402.0,0.86,"['binary search', 'constructive algorithms', 'divide and conquer', 'interactive', 'math']"
"Nov. 1, 2024",Circuit,578.0,99.68,"['greedy', 'implementation', 'math', 'number theory']"
"Nov. 1, 2024",Medians,1007.0,96.38,"['constructive algorithms', 'greedy', 'implementation', 'math']"
"Nov. 1, 2024",Trinity,1370.0,76.7,"['binary search', 'math', 'sortings', 'two pointers']"
"Nov. 1, 2024",Genokraken,1837.0,18.29,"['constructive algorithms', 'data structures', 'graphs', 'greedy', 'implementation']"
"Nov. 1, 2024",Balanced,2482.0,0.54,"['constructive algorithms', 'data structures', 'greedy', 'implementation', 'math']"
"Nov. 1, 2024",Peanuts,2875.0,0.06,"['combinatorics', 'dp', 'games', 'math']"
"Oct. 28, 2024",Perpendicular Segments,835.0,98.62,"['constructive algorithms', 'geometry', 'greedy', 'math']"
"Oct. 28, 2024",Black Cells,1243.0,87.24,"['binary search', 'brute force', 'constructive algorithms', 'greedy']"
"Oct. 28, 2024",Action Figures,1484.0,63.07,"['binary search', 'brute force', 'constructive algorithms', 'data structures', 'greedy']"
"Oct. 28, 2024",Sums of Segments,1878.0,15.02,"['binary search', 'data structures', 'dp', 'implementation', 'math']"
"Oct. 28, 2024",Best Subsequence,2565.0,0.34,"['bitmasks', 'dfs and similar', 'flows', 'graph matchings', 'graphs']"
"Oct. 28, 2024",Bermart Ice Cream,3273.0,0.01,"['data structures', 'dfs and similar', 'divide and conquer', 'dp', 'implementation']"
"Oct. 27, 2024",Sliding,528.0,99.76,"['implementation', 'math']"
"Oct. 27, 2024",Everyone Loves Tres,705.0,99.34,"['constructive algorithms', 'greedy', 'math', 'number theory']"
"Oct. 27, 2024",Alya and Permutation,1322.0,81.27,"['bitmasks', 'constructive algorithms', 'math']"
"Oct. 27, 2024",Yet Another Real Number Problem,1695.0,33.64,"['binary search', 'data structures', 'divide and conquer', 'greedy', 'implementation']"
"Oct. 27, 2024",Monster,2265.0,1.87,"['binary search', 'brute force', 'constructive algorithms', 'greedy', 'implementation']"
"Oct. 27, 2024",Tree Operations,2516.0,0.45,"['binary search', 'brute force', 'dfs and similar', 'dp', 'trees']"
"Oct. 27, 2024",Go Learn! (Easy Version),3276.0,0.01,"['dp', 'trees']"
"Oct. 27, 2024",Go Learn! (Hard Version),3645.0,0.0,"['divide and conquer', 'dp']"
"Oct. 27, 2024",Peak Productivity Forces,3969.0,0.0,['constructive algorithms']
"Oct. 26, 2024",Rectangle Arrangement,370.0,99.9,"['geometry', 'implementation', 'math']"
"Oct. 26, 2024",Stalin Sort,1023.0,96.04,"['brute force', 'greedy']"
"Oct. 26, 2024",Add Zeros,1394.0,74.14,"['brute force', 'data structures', 'dfs and similar', 'dp', 'graphs']"
"Oct. 26, 2024",The Endspeaker (Easy Version),1690.0,34.29,"['binary search', 'dp', 'graphs', 'greedy', 'implementation']"
"Oct. 26, 2024",The Endspeaker (Hard Version),2187.0,2.9,"['binary search', 'data structures', 'dp', 'greedy', 'implementation']"
"Oct. 26, 2024",Bit Game (Easy Version),2986.0,0.03,"['bitmasks', 'brute force', 'games', 'math']"
"Oct. 26, 2024",Bit Game (Hard Version),3809.0,0.0,"['bitmasks', 'dp', 'math']"
"Oct. 24, 2024",Sakurako and Kosuke,288.0,99.94,"['constructive algorithms', 'implementation', 'math']"
"Oct. 24, 2024",Sakurako and Water,805.0,98.84,"['brute force', 'constructive algorithms', 'greedy']"
"Oct. 24, 2024",Kousuke's Assignment,1361.0,77.62,"['data structures', 'dp', 'dsu', 'greedy', 'math']"
"Oct. 24, 2024",Sakurako's Field Trip,1399.0,73.59,"['dp', 'greedy', 'two pointers']"
"Oct. 24, 2024","Sakurako, Kosuke, and the Permutation",1422.0,70.94,"['brute force', 'data structures', 'dfs and similar', 'dsu', 'graphs']"
"Oct. 24, 2024",Kosuke's Sloth,1858.0,16.55,"['brute force', 'math', 'number theory']"
"Oct. 24, 2024",Sakurako and Chefir,2330.0,1.29,"['data structures', 'dfs and similar', 'dp', 'greedy', 'trees']"
"Oct. 20, 2024",Profitable Interest Rate,433.0,99.86,"['greedy', 'math']"
"Oct. 20, 2024",Buying Lemonade,1033.0,95.82,"['binary search', 'constructive algorithms', 'sortings']"
"Oct. 20, 2024",Concatenation of Arrays,1276.0,84.98,"['constructive algorithms', 'greedy', 'math', 'sortings']"
"Oct. 20, 2024",Skipping,1824.0,19.44,"['binary search', 'constructive algorithms', 'data structures', 'divide and conquer', 'dp']"
"Oct. 20, 2024",C+K+S,2430.0,0.73,"['constructive algorithms', 'dfs and similar', 'graphs', 'greedy', 'hashing']"
"Oct. 20, 2024",Many Games,2941.0,0.04,"['brute force', 'dp', 'greedy', 'math', 'probabilities']"
"Oct. 20, 2024",Tree of Life,3419.0,0.0,"['dp', 'greedy', 'trees']"
"Oct. 20, 2024",Hills and Pits,3942.0,0.0,"['data structures', 'greedy', 'math', 'matrices']"
"Oct. 19, 2024",A Gift From Orangutan,382.0,99.9,"['constructive algorithms', 'greedy', 'math', 'sortings']"
"Oct. 19, 2024",Minimise Oneness,701.0,99.36,"['combinatorics', 'constructive algorithms', 'games', 'math']"
"Oct. 19, 2024",A TRUE Battle,1084.0,94.47,"['brute force', 'games', 'greedy']"
"Oct. 19, 2024",QED's Favorite Permutation,1681.0,35.46,"['data structures', 'implementation', 'sortings']"
"Oct. 19, 2024",MEXimize the Score,2328.0,1.31,"['combinatorics', 'data structures', 'dp', 'greedy', 'implementation']"
"Oct. 19, 2024",Orangutan Approved Subarrays,2542.0,0.39,"['binary search', 'data structures', 'dp', 'greedy', 'implementation']"
"Oct. 19, 2024",The Destruction of the Universe (Easy Version),3007.0,0.03,"['combinatorics', 'greedy', 'math']"
"Oct. 19, 2024",The Destruction of the Universe (Hard Version),3199.0,0.01,"['combinatorics', 'math']"
"Oct. 14, 2024",Two Screens,498.0,99.8,"['binary search', 'greedy', 'strings', 'two pointers']"
"Oct. 14, 2024","Binomial Coefficients, Kind Of",1010.0,96.32,"['combinatorics', 'dp', 'math']"
"Oct. 14, 2024",New Game,1225.0,88.35,"['binary search', 'brute force', 'greedy', 'implementation', 'sortings']"
"Oct. 14, 2024",Attribute Checks,1790.0,22.69,"['brute force', 'data structures', 'dp', 'implementation', 'math']"
"Oct. 14, 2024",Card Game,2266.0,1.86,"['combinatorics', 'dp', 'fft', 'greedy', 'math']"
"Oct. 14, 2024",Choose Your Queries,2649.0,0.21,"['constructive algorithms', 'dfs and similar', 'dp', 'graphs', 'greedy']"
"Oct. 14, 2024",Variable Damage,3174.0,0.01,"['data structures', 'flows']"
"Oct. 13, 2024",Bus to Pénjamo,590.0,99.66,"['constructive algorithms', 'greedy', 'implementation', 'math']"
"Oct. 13, 2024",Kar Salesman,1281.0,84.6,"['binary search', 'greedy', 'math']"
"Oct. 13, 2024",Gerrymandering,1762.0,25.64,"['dp', 'implementation']"
"Oct. 13, 2024",Asesino (Easy Version),1887.0,14.37,"['binary search', 'brute force', 'constructive algorithms', 'implementation', 'interactive']"
"Oct. 13, 2024",Billetes MX (Easy Version),2558.0,0.35,"['2-sat', 'binary search', 'combinatorics', 'constructive algorithms', 'dfs and similar']"
"Oct. 13, 2024",Billetes MX (Hard Version),2684.0,0.17,"['binary search', 'combinatorics', 'data structures', 'dsu', 'graphs']"
"Oct. 13, 2024",Asesino (Hard Version),2896.0,0.05,"['constructive algorithms', 'dp', 'interactive']"
"Oct. 6, 2024",Meaning Mean,553.0,99.73,"['data structures', 'greedy', 'math', 'sortings']"
"Oct. 6, 2024",Maximize Mex,1122.0,93.21,"['brute force', 'greedy', 'math', 'number theory']"
"Oct. 6, 2024",Adjust The Presentation (Easy Version),1176.0,90.96,"['constructive algorithms', 'greedy']"
"Oct. 6, 2024",Adjust The Presentation (Hard Version),1905.0,13.15,"['constructive algorithms', 'data structures', 'greedy', 'implementation', 'sortings']"
"Oct. 6, 2024",Digital Village (Easy Version),2211.0,2.53,"['brute force', 'data structures', 'dp', 'dsu', 'graphs']"
"Oct. 6, 2024",Digital Village (Hard Version),2537.0,0.4,"['data structures', 'dp', 'dsu', 'graphs', 'math']"
"Oct. 6, 2024","Boss, Thirsty",2680.0,0.17,"['dp', 'greedy', 'implementation']"
"Oct. 6, 2024",Digital Village (Extreme Version),2836.0,0.07,"['data structures', 'dfs and similar', 'dp', 'dsu', 'graphs']"
"Sept. 30, 2024",Problem Solving,,,['*special']
"Sept. 30, 2024",Shuffle,,,['*special']
"Sept. 30, 2024",Split the Expression,,,['*special']
"Sept. 30, 2024",Among Wolves,,,['*special']
"Sept. 30, 2024",Rock-Paper-Scissors Bot,,,"['*special', 'greedy', 'strings']"
"Sept. 30, 2024",Good Subarray,,,"['*special', 'data structures', 'greedy']"
"Sept. 30, 2024",Removal of a Permutation,,,['*special']
"Sept. 30, 2024",Strange Matrix,,,"['*special', 'graphs', 'greedy']"
"Sept. 30, 2024",Stack and Queue,,,"['*special', 'data structures', 'divide and conquer']"
"Sept. 29, 2024",Find Minimum Operations,757.0,99.12,"['bitmasks', 'brute force', 'greedy', 'math', 'number theory']"
"Sept. 29, 2024",Brightness Begins,1178.0,90.86,"['binary search', 'math']"
"Sept. 29, 2024",Bitwise Balancing,1414.0,71.88,"['bitmasks', 'hashing', 'implementation', 'math', 'schedules']"
"Sept. 29, 2024",Connect the Dots,1829.0,18.99,"['brute force', 'dp', 'dsu', 'graphs', 'math']"
"Sept. 29, 2024",Expected Power,2087.0,5.04,"['bitmasks', 'dp', 'math', 'probabilities']"
"Sept. 29, 2024",Count Leaves,3018.0,0.02,"['dp', 'math', 'number theory']"
"Sept. 27, 2024",Max Plus Size,579.0,99.68,"['brute force', 'dp', 'greedy']"
"Sept. 27, 2024",All Pairs Segments,1149.0,92.16,"['implementation', 'math']"
"Sept. 27, 2024",Cards Partition,1563.0,52.01,"['2-sat', 'brute force', 'greedy', 'implementation', 'math']"
"Sept. 27, 2024",Tree Pruning,1793.0,22.38,"['brute force', 'constructive algorithms', 'dfs and similar', 'dp', 'greedy']"
"Sept. 27, 2024",Speedbreaker,2025.0,7.05,"['binary search', 'constructive algorithms', 'data structures', 'dp', 'greedy']"
"Sept. 27, 2024",Max Plus Min Plus Size,2293.0,1.6,"['data structures', 'dp', 'dsu', 'greedy', 'implementation']"
"Sept. 27, 2024",Speedbreaker Counting (Easy Version),2959.0,0.04,"['combinatorics', 'dp', 'greedy', 'math']"
"Sept. 27, 2024",Speedbreaker Counting (Medium Version),3069.0,0.02,"['dp', 'greedy', 'math']"
"Sept. 27, 2024",Speedbreaker Counting (Hard Version),3170.0,0.01,"['dp', 'greedy', 'math']"
"Sept. 27, 2024",Complex Segments (Easy Version),3291.0,0.01,"['binary search', 'data structures', 'divide and conquer', 'dsu', 'greedy']"
"Sept. 27, 2024",Complex Segments (Hard Version),3701.0,0.0,"['binary search', 'data structures', 'divide and conquer', 'dsu', 'greedy']"
"Sept. 21, 2024",Robin Helps,360.0,99.91,"['greedy', 'implementation']"
"Sept. 21, 2024",Robin Hood and the Major Oak,758.0,99.11,['math']
"Sept. 21, 2024",Robin Hood in Town,1066.0,94.99,"['binary search', 'greedy', 'math']"
"Sept. 21, 2024",Robert Hood and Mrs Hood,1456.0,66.74,"['brute force', 'data structures', 'greedy', 'sortings']"
"Sept. 21, 2024",Rendez-vous de Marian et Robin,1845.0,17.61,"['dfs and similar', 'graphs', 'shortest paths']"
"Sept. 21, 2024",Sheriff's Defense,2029.0,6.9,"['dfs and similar', 'dp', 'greedy', 'trees']"
"Sept. 21, 2024",Robin Hood Archery,2077.0,5.32,"['data structures', 'divide and conquer', 'greedy', 'hashing']"
"Sept. 21, 2024",Milky Days,2402.0,0.86,"['brute force', 'data structures', 'greedy', 'implementation']"
"Sept. 20, 2024",Zhan's Blender,404.0,99.88,"['constructive algorithms', 'math']"
"Sept. 20, 2024",Battle for Survive,775.0,99.02,"['constructive algorithms', 'greedy', 'math']"
"Sept. 20, 2024",Password Cracking,1414.0,71.88,"['constructive algorithms', 'interactive', 'strings']"
"Sept. 20, 2024",Minimize the Difference,1896.0,13.75,"['binary search', 'greedy']"
"Sept. 20, 2024",Prefix GCD,2184.0,2.95,"['brute force', 'dp', 'greedy', 'math', 'number theory']"
"Sept. 20, 2024",Game in Tree (Easy Version),2778.0,0.1,"['binary search', 'brute force', 'data structures', 'dp', 'games']"
"Sept. 20, 2024",Game in Tree (Hard Version),3410.0,0.0,"['binary search', 'data structures', 'trees']"
"Sept. 17, 2024",My First Sorting Problem,,,"['*special', 'implementation', 'sortings']"
"Sept. 17, 2024",Square or Not,,,"['*special', 'strings']"
"Sept. 17, 2024",Make Equal Again,,,"['*special', 'brute force', 'greedy', 'math']"
"Sept. 17, 2024",Forming Triangles,,,"['*special', 'combinatorics']"
"Sept. 17, 2024",Decreasing String,,,"['*special', 'strings']"
"Sept. 17, 2024",Colored Portals,,,"['*special', 'greedy']"
"Sept. 17, 2024",Berserk Monsters,,,"['*special', 'implementation']"
"Sept. 17, 2024",Replace on Segment,,,"['*special', 'dp']"
"Sept. 17, 2024",My First Sorting Problem,,,"['*special', 'implementation', 'sortings']"
"Sept. 17, 2024",Square or Not,,,"['*special', 'strings']"
"Sept. 17, 2024",Make Equal Again,,,"['*special', 'brute force', 'greedy', 'math']"
"Sept. 17, 2024",Forming Triangles,,,"['*special', 'combinatorics']"
"Sept. 17, 2024",Decreasing String,,,"['*special', 'strings']"
"Sept. 17, 2024",Colored Portals,,,"['*special', 'greedy']"
"Sept. 17, 2024",Berserk Monsters,,,"['*special', 'implementation']"
"Sept. 17, 2024",Replace on Segment,,,"['*special', 'dp']"
"Sept. 14, 2024",Simple Palindrome,791.0,98.93,"['combinatorics', 'constructive algorithms', 'greedy', 'math']"
"Sept. 14, 2024",The Strict Teacher (Easy Version),912.0,97.87,"['greedy', 'math', 'sortings']"
"Sept. 14, 2024",The Strict Teacher (Hard Version),1069.0,94.9,"['binary search', 'greedy', 'math', 'sortings']"
"Sept. 14, 2024",Lazy Narek,1784.0,23.3,"['dp', 'implementation', 'strings']"
"Sept. 14, 2024",Subtangle Game (Easy Version),2085.0,5.1,"['dp', 'games', 'greedy', 'implementation']"
"Sept. 14, 2024",Alter the GCD,2524.0,0.43,"['binary search', 'data structures', 'divide and conquer', 'implementation', 'number theory']"
"Sept. 14, 2024",Subtangle Game (Hard Version),2638.0,0.22,"['data structures', 'dp', 'games', 'greedy', 'implementation']"
"Sept. 3, 2024",Minimize!,412.0,99.88,"['brute force', 'math']"
"Sept. 3, 2024",osu!mania,675.0,99.45,"['brute force', 'implementation']"
"Sept. 3, 2024",The Legend of Freya the Frog,1196.0,89.96,"['implementation', 'math']"
"Sept. 3, 2024",Satyam and Counting,1486.0,62.8,"['geometry', 'math']"
"Sept. 3, 2024",Klee's SUPER DUPER LARGE Array!!!,1528.0,57.01,"['binary search', 'math', 'ternary search']"
"Sept. 3, 2024",Firefly's Queries,1831.0,18.81,"['data structures', 'math']"
"Sept. 3, 2024",Yunli's Subarray Queries (easy version),2074.0,5.41,"['binary search', 'data structures', 'two pointers']"
"Sept. 3, 2024",Yunli's Subarray Queries (hard version),2448.0,0.66,"['binary search', 'data structures', 'dp']"
"Sept. 3, 2024",Yunli's Subarray Queries (extreme version),2842.0,0.07,"['data structures', 'dp', 'implementation']"
"Sept. 1, 2024",Sakurako's Exam,472.0,99.83,"['brute force', 'constructive algorithms', 'greedy', 'math']"
"Sept. 1, 2024",Longest Good Array,653.0,99.51,"['binary search', 'brute force', 'math']"
"Sept. 1, 2024",Square or Not,719.0,99.29,"['brute force', 'math', 'strings']"
"Sept. 1, 2024",Sakurako's Hobby,1079.0,94.62,"['dp', 'dsu', 'graphs', 'math']"
"Sept. 1, 2024",Sakurako's Box,1380.0,75.66,"['combinatorics', 'math', 'number theory']"
"Sept. 1, 2024",Alternating String,1544.0,54.73,"['brute force', 'data structures', 'dp', 'greedy', 'implementation']"
"Sept. 1, 2024",Sakurako's Task,1942.0,10.9,"['binary search', 'greedy', 'math', 'number theory']"
"Sept. 1, 2024",Sakurako's Test,2197.0,2.74,"['binary search', 'brute force', 'greedy', 'math', 'number theory']"
"Aug. 30, 2024",Dora's Set,645.0,99.53,"['greedy', 'math', 'number theory']"
"Aug. 30, 2024",Index and Maximum Value,854.0,98.47,"['data structures', 'greedy']"
"Aug. 30, 2024",Dora and C++,1401.0,73.36,"['math', 'number theory']"
"Aug. 30, 2024",Iris and Game on the Tree,1763.0,25.53,"['constructive algorithms', 'dfs and similar', 'games', 'graphs', 'greedy']"
"Aug. 30, 2024",Iris and the Tree,2040.0,6.51,"['brute force', 'data structures', 'dfs and similar', 'dsu', 'math']"
"Aug. 30, 2024",Eri and Expanded Sets,2310.0,1.45,"['binary search', 'data structures', 'math', 'number theory', 'two pointers']"
"Aug. 30, 2024",Iris and Adjacent Products,2673.0,0.18,"['data structures', 'greedy', 'implementation', 'math']"
"Aug. 30, 2024",Iris's Full Binary Tree,3122.0,0.01,"['brute force', 'data structures', 'dfs and similar', 'trees']"
"Aug. 30, 2024",Dora's Paint,3684.0,0.0,"['brute force', 'combinatorics', 'constructive algorithms', 'graphs', 'implementation']"
"Aug. 28, 2024",Alternating Sum of Numbers,337.0,99.92,"['brute force', 'implementation', 'math']"
"Aug. 28, 2024",Three Brothers,450.0,99.85,"['brute force', 'implementation', 'math']"
"Aug. 28, 2024",Message Transmission Error (easy version),1433.0,69.61,"['brute force', 'strings']"
"Aug. 28, 2024",Message Transmission Error (hard version),1683.0,35.2,"['hashing', 'string suffix structures', 'strings', 'two pointers']"
"Aug. 25, 2024",Turtle and Good Strings,473.0,99.83,"['greedy', 'strings']"
"Aug. 25, 2024",Turtle and Piggy Are Playing a Game 2,754.0,99.13,"['games', 'greedy', 'sortings']"
"Aug. 25, 2024",Turtle and Good Pairs,1135.0,92.72,"['constructive algorithms', 'greedy', 'sortings', 'strings']"
"Aug. 25, 2024",Turtle and a MEX Problem (Easy Version),1532.0,56.44,"['greedy', 'math']"
"Aug. 25, 2024",Turtle and a MEX Problem (Hard Version),2084.0,5.12,"['dfs and similar', 'dp', 'graphs', 'greedy', 'implementation']"
"Aug. 25, 2024",Turtle and Inversions (Easy Version),2773.0,0.1,"['brute force', 'divide and conquer', 'dp', 'greedy', 'math']"
"Aug. 25, 2024",Turtle and Inversions (Hard Version),2957.0,0.04,"['brute force', 'data structures', 'divide and conquer', 'dp', 'greedy']"
"Aug. 25, 2024",Turtle and Three Sequences,2996.0,0.03,"['brute force', 'data structures', 'dp', 'greedy', 'math']"
"Aug. 20, 2024",Make All Equal,445.0,99.85,"['greedy', 'implementation']"
"Aug. 20, 2024",Generate Permutation,754.0,99.13,['constructive algorithms']
"Aug. 20, 2024",Guess The Tree,1538.0,55.59,"['binary search', 'brute force', 'dfs and similar', 'divide and conquer', 'dsu']"
"Aug. 20, 2024",Longest Max Min Subsequence,1957.0,10.09,"['brute force', 'constructive algorithms', 'data structures', 'greedy', 'implementation']"
"Aug. 20, 2024",Deterministic Heap (Easy Version),2419.0,0.78,"['combinatorics', 'dp', 'math', 'trees']"
"Aug. 20, 2024",Deterministic Heap (Hard Version),3028.0,0.02,"['combinatorics', 'dp', 'trees']"
"Aug. 15, 2024",Closest Point,636.0,99.56,"['implementation', 'math']"
"Aug. 15, 2024",Game with Doors,946.0,97.42,"['brute force', 'greedy']"
"Aug. 15, 2024",Splitting Items,1061.0,95.12,"['games', 'greedy', 'sortings']"
"Aug. 15, 2024",Colored Portals,1622.0,43.56,"['binary search', 'brute force', 'data structures', 'graphs', 'greedy']"
"Aug. 15, 2024",Not a Nim Problem,2048.0,6.23,"['brute force', 'games', 'math', 'number theory']"
"Aug. 15, 2024",Make a Palindrome,2593.0,0.29,"['binary search', 'brute force', 'data structures', 'greedy', 'math']"
"Aug. 15, 2024",Substring Compression,2995.0,0.03,"['data structures', 'dp', 'matrices']"
"Aug. 13, 2024",Primary Task,629.0,99.58,"['implementation', 'math', 'strings']"
"Aug. 13, 2024",Seating in a Bus,700.0,99.36,['two pointers']
"Aug. 13, 2024",Numeric String Template,1056.0,95.25,"['data structures', 'strings']"
"Aug. 13, 2024",Right Left Wrong,1119.0,93.32,"['greedy', 'implementation', 'two pointers']"
"Aug. 13, 2024",Photoshoot for Gorillas,1445.0,68.13,"['combinatorics', 'data structures', 'greedy', 'math']"
"Aug. 13, 2024",Color Rows and Columns,1952.0,10.35,"['dp', 'greedy', 'implementation', 'math']"
"Aug. 13, 2024",Call During the Journey,2259.0,1.93,"['binary search', 'brute force', 'graphs', 'greedy', 'shortest paths']"
"Aug. 13, 2024",Ksyusha and the Loaded Set,2333.0,1.27,"['binary search', 'brute force', 'data structures', 'implementation']"
"Aug. 11, 2024",Distanced Coloring,752.0,99.14,"['constructive algorithms', 'implementation', 'math']"
"Aug. 11, 2024",Removals Game,933.0,97.6,"['constructive algorithms', 'games']"
"Aug. 11, 2024",Black Circles,1141.0,92.48,"['brute force', 'geometry', 'greedy', 'math']"
"Aug. 11, 2024",DFS Checker (Easy Version),1865.0,16.0,"['brute force', 'data structures', 'dfs and similar', 'graphs', 'hashing']"
"Aug. 11, 2024",Cosmic Rays,2236.0,2.2,"['brute force', 'data structures', 'dp']"
"Aug. 11, 2024",DFS Checker (Hard Version),2300.0,1.53,"['binary search', 'data structures', 'dfs and similar', 'graphs', 'hashing']"
"Aug. 11, 2024",Court Blue (Easy Version),2573.0,0.32,"['brute force', 'dfs and similar', 'dp', 'math', 'number theory']"
"Aug. 11, 2024",Court Blue (Hard Version),2886.0,0.05,"['brute force', 'dp', 'math', 'number theory']"
"Aug. 11, 2024",Lattice Optimizing,3455.0,0.0,"['bitmasks', 'brute force', 'hashing', 'meet-in-the-middle']"
"Aug. 11, 2024",Counting 101,4566.0,0.0,['greedy']
"Aug. 10, 2024",Minimize Equal Sum Subarrays,864.0,98.38,"['constructive algorithms', 'math', 'number theory']"
"Aug. 10, 2024",Find K Distinct Points with Fixed Center,898.0,98.03,"['constructive algorithms', 'implementation', 'math']"
"Aug. 10, 2024",Perform Operations to Maximize Score,1857.0,16.63,"['binary search', 'brute force', 'constructive algorithms', 'greedy', 'implementation']"
"Aug. 10, 2024",Determine Winning Islands in Race,2108.0,4.49,"['data structures', 'dp', 'graphs', 'greedy', 'shortest paths']"
"Aug. 10, 2024",Eliminating Balls With Merging (Easy Version),2235.0,2.21,"['binary search', 'brute force', 'data structures', 'divide and conquer', 'greedy']"
"Aug. 10, 2024",Eliminating Balls With Merging (Hard Version),2633.0,0.23,"['binary search', 'brute force', 'data structures', 'divide and conquer', 'greedy']"
"Aug. 6, 2024",A+B Again?,167.0,99.97,"['implementation', 'math']"
"Aug. 6, 2024",Showering,673.0,99.45,"['greedy', 'implementation']"
"Aug. 6, 2024",Card Game,903.0,97.98,"['brute force', 'constructive algorithms', 'implementation']"
"Aug. 6, 2024",Slavic's Exam,938.0,97.54,"['greedy', 'implementation', 'strings']"
"Aug. 6, 2024",Triple Operations,1298.0,83.29,"['dp', 'implementation', 'math']"
"Aug. 6, 2024",Ruler (easy version),1575.0,50.29,"['binary search', 'interactive']"
"Aug. 6, 2024",Expected Median,1587.0,48.56,"['combinatorics', 'math']"
"Aug. 6, 2024",Ruler (hard version),1798.0,21.89,"['binary search', 'interactive', 'ternary search']"
"Aug. 4, 2024",Question Marks,338.0,99.92,"['greedy', 'implementation']"
"Aug. 4, 2024",Parity and Sum,948.0,97.39,"['constructive algorithms', 'greedy']"
"Aug. 4, 2024",Light Switches,1365.0,77.21,"['implementation', 'math']"
"Aug. 4, 2024",Med-imize,2223.0,2.37,"['binary search', 'dp', 'greedy']"
"Aug. 4, 2024",Dyn-scripted Robot (Easy Version),2428.0,0.74,"['brute force', 'chinese remainder theorem', 'constructive algorithms', 'math', 'number theory']"
"Aug. 4, 2024",Xor-Grid Problem,2831.0,0.07,"['bitmasks', 'constructive algorithms', 'dp', 'implementation']"
"Aug. 4, 2024",Dyn-scripted Robot (Hard Version),2901.0,0.05,"['chinese remainder theorem', 'math', 'number theory']"
"July 30, 2024",Strong Password,531.0,99.76,"['brute force', 'implementation', 'strings']"
"July 30, 2024",Even Positions,988.0,96.74,"['constructive algorithms', 'data structures', 'greedy']"
"July 30, 2024",Make Three Regions,1001.0,96.5,"['constructive algorithms', 'two pointers']"
"July 30, 2024",Maximize the Root,1517.0,58.55,"['binary search', 'dfs and similar', 'dp', 'greedy', 'trees']"
"July 30, 2024",Level Up,2241.0,2.14,"['binary search', 'brute force', 'data structures', 'divide and conquer', 'implementation']"
"July 30, 2024",Chips on a Line,2644.0,0.21,"['brute force', 'combinatorics', 'dp', 'greedy', 'math']"
"July 28, 2024",Maximize the Last Element,415.0,99.88,"['greedy', 'implementation']"
"July 28, 2024",AND Reconstruction,956.0,97.27,"['bitmasks', 'constructive algorithms', 'greedy']"
"July 28, 2024",Absolute Zero,1183.0,90.62,"['constructive algorithms', 'greedy', 'math']"
"July 28, 2024",Prime XOR Coloring,1799.0,21.79,"['bitmasks', 'constructive algorithms', 'graphs', 'greedy', 'math']"
"July 28, 2024",Coloring Game,1893.0,13.95,"['constructive algorithms', 'dfs and similar', 'games', 'graphs', 'greedy']"
"July 28, 2024",Triangle Formation,2219.0,2.42,"['brute force', 'greedy', 'implementation', 'math', 'sortings']"
"July 28, 2024",Grid Reset,2808.0,0.08,"['constructive algorithms', 'greedy', 'implementation']"
"July 28, 2024",Prime Split Game,3329.0,0.0,"['bitmasks', 'dp', 'fft', 'games', 'math']"
"July 28, 2024",Grid Game,4094.0,0.0,"['constructive algorithms', 'games', 'graph matchings', 'greedy', 'interactive']"
"July 26, 2024",Legs,200.0,99.96,"['binary search', 'math', 'ternary search']"
"July 26, 2024",Scale,618.0,99.6,"['greedy', 'implementation']"
"July 26, 2024",Sort,1055.0,95.28,"['dp', 'greedy', 'sortings', 'strings']"
"July 26, 2024",Fun,1378.0,75.87,"['binary search', 'brute force', 'combinatorics', 'math', 'number theory']"
"July 26, 2024",Decode,1598.0,46.98,"['combinatorics', 'implementation', 'math']"
"July 26, 2024",Bomb,1979.0,9.0,"['binary search', 'greedy', 'math']"
